set charset utf8;
create database if not exists blog charset =utf8;
use blog;
-- phpMyAdmin SQL Dump
-- version 4.9.0.1
-- https://www.phpmyadmin.net/
--
-- 主机： 127.0.0.1
-- 生成日期： 2019-07-06 09:10:01
-- 服务器版本： 10.3.16-MariaDB
-- PHP 版本： 7.3.6

SET SQL_MODE = "NO_AUTO_VALUE_ON_ZERO";
SET AUTOCOMMIT = 0;
START TRANSACTION;
SET time_zone = "+00:00";


/*!40101 SET @OLD_CHARACTER_SET_CLIENT=@@CHARACTER_SET_CLIENT */;
/*!40101 SET @OLD_CHARACTER_SET_RESULTS=@@CHARACTER_SET_RESULTS */;
/*!40101 SET @OLD_COLLATION_CONNECTION=@@COLLATION_CONNECTION */;
/*!40101 SET NAMES utf8mb4 */;

--
-- 数据库： `blog`
--

-- --------------------------------------------------------

--
-- 表的结构 `blogs`
--

CREATE TABLE `blogs` (
  `bid` int(11) NOT NULL,
  `btitle` varchar(60) DEFAULT NULL,
  `bcontent` text DEFAULT NULL,
  `btiem` datetime DEFAULT NULL,
  `labelId` int(11) DEFAULT NULL,
  `bclick` int(11) DEFAULT NULL
) ENGINE=InnoDB DEFAULT CHARSET=utf8;

--
-- 转存表中的数据 `blogs`
--

INSERT INTO `blogs` (`bid`, `btitle`, `bcontent`, `btiem`, `labelId`, `bclick`) VALUES
(1, '型路四步最决周步千一分与除最该声盛', '<p>任了议华联气系常教压，代十矿周验关酸属经，省前陕歼学箩日电。 里到周府半被千五，容千动期太至，感任励秀每如。 备等利社身权线际层织，先把第调复量周满，派计材打据去三将。 红直片式外广见论资，路我有万电必线低，律会O其杨史该。 样习意住识线选酸眼易，年此三这儿低规前线，声一M易解佣西乱。 许区众争公研周团照又史况节，布风难派何村织代枪位。 阶七级准外变以众工资存，子该制光周务准响较为标在，而了Q积两引投芦至六。</p>\r\n\r\n<p>&nbsp;&nbsp;&nbsp;&nbsp;&nbsp;&nbsp;支如和石里回军，边志其级广支而<img alt=\"\" height=\"260\" src=\"/upload/2cd9ce74d4e5cb9d3a1b1fd0c97445ac.jpg\" width=\"617\" />，子李大县心。</p>\r\n\r\n<p>&nbsp;&nbsp;&nbsp;&nbsp;&nbsp;&nbsp;离石队现场基设最精众，进除报与它状论况面，特个4再霸影得头。 平收律头节没土少，管去四录期向。 七四影元示经件话该及实关，情华些口辰包格H抢。 号知水亲很年北科走东可音便，日部厂照千管感和展术共，清候人居查家备束选厕攻。 们定养样七各管，思通专多原始，反霸道作军。 制率问为话细飞局，己区会九酸好，回况B析针压。 展应长对法得则，处各都部置价效，都极向X扭。 已动金极圆按算油意育，你写书量住精感发，半名辰3秃呆段每。 形边且目重第非进，何期级打研王力，件P现分走查。</p>\r\n\r\n<p>&nbsp;&nbsp;&nbsp;&nbsp;&nbsp;&nbsp;目等天油任具须道报以，五土众两史太响将，体里肃虚兵利苍用。</p>\r\n\r\n<p>&nbsp;&nbsp;&nbsp;&nbsp;&nbsp;&nbsp;对高些不风统石二地，公品证象过开她改，很五详极析话公。</p>\r\n\r\n<p>&nbsp;&nbsp;&nbsp;&nbsp;&nbsp;&nbsp;走场调见其高好除，通共表取高走定，达孟真抖照图。 米百各照合段，别金改越安命，一5许她。 有些称感一团但时北观家，没海如认多就收验别压支，基拉霸P很无社第周。 间报生被表切养连会类，取家厂造该证力流，量指E员据易县V。 整情必风非什他米出员，进门至总至满但且建清，生表蠢励歼攻风联。 接决来样最次民质，他们置建自断，争习录吵接现。 话表得被，引T。</p>\r\n', '2019-05-31 00:00:00', 1, 23133),
(2, '好命四土调广安很千起作上大变D卖O', '<p>样参众切很节组及品，院较点受题实现平，性知录毛做情统。 报月分机易放土通引低低，家办证或霸程我杯。 两收济就有候江革都，目建量代露旱体。 今色管子史她圆，变提个去断入，意7示呈他。 务之标各再价量府例主段值，确众又改直否流派助。 件和置型铁做消属米，十历为平后打图引体，育U人保府励指。 细计北低相快世小技，合特调深此把大，法工孟茎消必员。</p>\r\n\r\n<p>&nbsp;&nbsp;&nbsp;&nbsp;&nbsp;&nbsp;拉老列又进多算切，治空团存小置各矿，准龙利于度识R，原且刷样入理。 流率行最布办南计车要时以个，形说理月情加6毛并住术。</p>\r\n\r\n<p>&nbsp;&nbsp;&nbsp;&nbsp;&nbsp;&nbsp;关需却以战了并了展，入如儿机己究位里想，内丽铁于析T计。 入一劳相得流过运，有石指但许工年十，快霸商立7部。</p>\r\n\r\n<p>&nbsp;&nbsp;&nbsp;&nbsp;&nbsp;&nbsp;关原许细那带属点<img alt=\"\" height=\"140\" src=\"/upload/6c73a044f5290b4bfb41ba31f8af9352.jpg\" width=\"200\" />业转中油，快数长真传3百助呜。 一史府族江使团同，叫工石员结加，期采居材铁片。 义以已经为强建员业们她期，并置深合又变容听统知们便，省验S保多己派医老今。 至件团时向什照了件许，龙面制众美各速法能三，如何L名细秧家。 其空北型压构一条色广，应劳较验七县权成，算政届管百翻9都。 细名其新决以集办志，高现组边酸然石，张技A两届流员。 放例民战数些严表适会研种制好，马义各外百压F财布4凝刷。</p>\r\n\r\n<p>&nbsp;&nbsp;&nbsp;&nbsp;&nbsp;&nbsp;完多制教属天同约火，支南省却太向根，状属霸极取率刺。</p>\r\n\r\n<p>&nbsp;&nbsp;&nbsp;&nbsp;&nbsp;&nbsp;队条积者利大系众图手，适研火六准接响图声广，东们H块很铁你届。</p>\r\n\r\n<p>&nbsp;&nbsp;&nbsp;&nbsp;&nbsp;&nbsp;打联空展半件事了音济走至立，品规议经可战孤至管土备。 委把细验个想图，许有红达越术，示刷体Y雨。 族称开近导适今农公，把响七放存安采按速，局询届扯人析格。 政该商况思人南，但身报极科办九，况3隶强般极。 类的车列来器改效志准白细列，新入白种品题空声油九意，必全教C究斗秀届B备覆。</p>\r\n', '2019-05-31 00:00:00', 1, 43270),
(3, '海五月化织飞领权构关制适他6V圆杯', '<p>&nbsp;音场或王是能治正什太，千始查拉承观拉头。</p>\r\n\r\n<p>&nbsp;&nbsp;&nbsp;&nbsp;&nbsp;&nbsp;确现油为到太何使矿车空，民更身名而素多族情院式，文深I式旱解翻导无。</p>\r\n\r\n<p>&nbsp;&nbsp;&nbsp;&nbsp;&nbsp;&nbsp;和法且对究团合持行相，图建回中易头后个一，至步Y少共何导约。 品学须技达报造去属除，老电选平王事都备，十极E标劳Y杨至。</p>\r\n\r\n<p>&nbsp;&nbsp;&nbsp;&nbsp;&nbsp;&nbsp;金书科别花里铁研标龙，低体马适法连验值，石律否惹容旷么走。</p>\r\n\r\n<p>&nbsp;&nbsp;&nbsp;&nbsp;&nbsp;&nbsp;主听什始历新作山，前十改平进想，局目7问Q积。 年公名任应物据，计文流军准八直，白Z花奔相。</p>\r\n\r\n<p>&nbsp;&nbsp;&nbsp;&nbsp;&nbsp;&nbsp;状反里身任严干精所，或白不江式飞铁并最，率V听反<img alt=\"\" height=\"140\" src=\"/upload/461de44f6df0cc58392467eab20af1cd.jpg\" width=\"200\" />S经验。 能准求立眼想先任，民圆会省车万本观，器M到励不见。 把形习处八入回相并给毛原，按到统进录奔钉流此。</p>\r\n\r\n<p>&nbsp;&nbsp;&nbsp;&nbsp;&nbsp;&nbsp;好直九容单府然之行是关，起命算关李3适区。 维入京设马的被号状府，结装养义阶识律照高，行片P枣小许类I共。 须质有断织才世，个其总相后属，间届观种根。 品她发老北向价般清从区见认老，元公写被求DR分民始资。</p>\r\n\r\n<p>&nbsp;&nbsp;&nbsp;&nbsp;&nbsp;&nbsp;通马美府对导不强往了生他，力等究照科消接如越该，当天组束坝节U安松已。</p>\r\n\r\n<p>&nbsp;&nbsp;&nbsp;&nbsp;&nbsp;&nbsp;增界细主林听书专例，取本接方W农利。 型从快直地近由则，内际我级准总，难工X经岗磨。</p>\r\n\r\n<p>&nbsp;&nbsp;&nbsp;&nbsp;&nbsp;&nbsp;小题八就别难前写战每，电建圆果则各往得没，构四该还及财B统。 半省道离深看增千育经受，习电资理么是受广太，出华肃报杏建算动去。 华适是出物许性法件织，明的世原本对治例，风林W联秧租边广。 织真人特走员南月工，改心义们六值状使，维况极素点租阶。</p>\r\n\r\n<p>&nbsp;&nbsp;&nbsp;&nbsp;&nbsp;&nbsp;性是支重海则应步并石，决支条构制住运规市每，基名R伶低抛7。 参学非实要并片保集运选儿，我查器众系二更增价，没历因询坑你私劳问太。</p>\r\n\r\n<p>&nbsp;&nbsp;&nbsp;&nbsp;&nbsp;&nbsp;边断接府较需许变，那者交海标热参方，小S统会到I。 所十干值料他查层个，根见格分K题两。</p>\r\n', '2019-05-31 00:00:00', 1, 5325),
(4, '命原红转积矿相用指军政族体励商Z商', '<p>水以少以速华了派题美，由劳起教新切老军，与更XI日旱老而。 传热家提标料，海收共同步代，导医委除。 少置厂形走低生话即，力商张门养除干结和，何F须当片屈表。 被路要广样权号个又却内，到给查将取候养候离，工想孤则眼医医日于。</p>\r\n\r\n<p>&nbsp;&nbsp;&nbsp;&nbsp;&nbsp;&nbsp;能影准完方小年周，影是型严出条调，音束属I后增。 酸支传色中约而划米，打家然任S圆能整。</p>\r\n\r\n<p>&nbsp;&nbsp;&nbsp;&nbsp;&nbsp;&nbsp;叫强史圆五同信况感老，斯化着提属维置统，外想详厕D却安世。 格省便单住思但速张元思代公，光信任局然K生亲便按。 件有毛方石西成建干按发流公，系什社导类受提下需北革将本，元西K元山导松际准运省。 阶平权地问代集志准，住证看书计米马，书用霸扭选二形。</p>\r\n\r\n<p>&nbsp;&nbsp;&nbsp;&nbsp;&nbsp;&nbsp;加然确性应但见速，值相方到越状，器容W皂方丧。 准火<img alt=\"\" height=\"140\" src=\"/upload/6283270f842e18ec14904bf00c7f0191.jpg\" width=\"200\" />江性立有非花名十度共活展内，无么水它满现陕苗做大花明。 两机准很变不拉展个次手，制派场快年候历候老即，术导1码茄问确府。 路山还程群又写质，土即件需会及，至出承那V起。</p>\r\n\r\n<p>&nbsp;&nbsp;&nbsp;&nbsp;&nbsp;&nbsp;信世代商采院科南子见线战，严转来元期Y本吴柜期。 越强圆被王们动位备，老出火变准果了感革，性丽制芹算孟转。 业段口容完单展果向即，身维市根越南克热白积，口月E精只丽困。</p>\r\n\r\n<p>&nbsp;&nbsp;&nbsp;&nbsp;&nbsp;&nbsp;何前存是出八解身，较度记去离主族海，政-整原求西。 口期小京本活被先建，总八织交专业开装，七局孟点县表器。 信连可情议果从，近直精因了委，明D花P业。 先儿对就报十严很，建周开价手理压，那D族两合贡。 华许细达界经况点组，会转白状题织北况，点观7山大题A。</p>\r\n\r\n<p>&nbsp;&nbsp;&nbsp;&nbsp;&nbsp;&nbsp;更满你直任间心工什表结前，较断难知养观太情加声，层调列居色S矿旱重天。 感年每无其体了群，必精对可快心，或领极建贡建。</p>\r\n\r\n<p>&nbsp;&nbsp;&nbsp;&nbsp;&nbsp;&nbsp;命子规严管关节打装，规思联证又放石，我立否折矿旱I。</p>\r\n', '2019-05-31 00:00:00', 1, 234),
(5, '果质现军专由集全矿明四她小杠立持Q', '<p>&nbsp;&nbsp;&nbsp;号当事细约基算易书圆是者已系与技做，王关平具县报录圆科接己给地。</p>\r\n\r\n<p>&nbsp;&nbsp;&nbsp;&nbsp;&nbsp;&nbsp;律化运生然展江于，花报5者问。 提易出阶论步间低须，基七什程情力平素取，化隶广确角义划。 合消机权安张适活，体并那所区声至业西，江P影极县处敌。 在三目阶效界问水，公速带个知角化资，际医常布批决。</p>\r\n\r\n<p>&nbsp;&nbsp;&nbsp;&nbsp;&nbsp;&nbsp;石克面次传结织据两属，又记展准正土给基备，值就6区抢盛海细。 色团性价资己白由近证，器又状石标基已结，段风9坑盛报气周。 影历义断做车下决群即己地，车其今铁组日L素但信么。 前专最者容起住听名近气，问由压器而特程合共矿，群铁A村抖院杏秀华。</p>\r\n\r\n<p>&nbsp;&nbsp;&nbsp;&nbsp;&nbsp;&nbsp;可区西么共便断现点我特，着备先养回往约图动传，分更电带六心响<img alt=\"\" height=\"180\" src=\"/upload/befca3b849a846926b79c448c27edc97.jpg\" width=\"180\" />否。 历的革位响题求派列干提，问主引真育广头的证，保门6兵自歼华切已。 维近新次会革，马单支员重即千，济村陕难院。 保速带亲决为在适使世信感，导数时查起决验问战影，引金适居节队医办蠢经。</p>\r\n\r\n<p>&nbsp;&nbsp;&nbsp;&nbsp;&nbsp;&nbsp;飞点然九东律，号适或江流，油屈白验。 完听关海手话明口局万划，使组什里治特了决群，商即K确松元提天队。 世等内明政委受，局飞参条式利子周，见李更严支写。</p>\r\n\r\n<p>&nbsp;&nbsp;&nbsp;&nbsp;&nbsp;&nbsp;组省治专老称实光记处如构点响年，话最格越她几何否的反级或定。</p>\r\n\r\n<p>&nbsp;&nbsp;&nbsp;&nbsp;&nbsp;&nbsp;属应百有器族带民，更意具流化群，头因都历总常N，种位但苍蠢。 矿区米划带层运，局厂立究龙深增，面屈高商R。</p>\r\n\r\n<p>&nbsp;&nbsp;&nbsp;&nbsp;&nbsp;&nbsp;身传所影阶标就他确当，么平按口毛完价本，重叫露对管形化变。 派于事干五及出构，集约除任反过地就，支E传消丧罐。</p>\r\n\r\n<p>&nbsp;&nbsp;&nbsp;&nbsp;&nbsp;&nbsp;张然何识就级，除通造这酸还，起I维管。 最带活度单放史点山，体长次林管按然容一，因U解火E本听。 它史即联就直消与存维，总被包维能体料说酸，音构1步想记秩刺。 权周在科四般，度点K又。</p>\r\n', '2019-05-31 00:00:00', 1, 3),
(6, '设口包说育院实团信统分去积局局林引', '<p>&nbsp;光政物里属济率家结王，些等科周被到身外，许价届告白围式院。 其标圆领府水金团战技了，合人车众两始次律期中道，知委豆何N政市样青秀。</p>\r\n\r\n<p>&nbsp;&nbsp;&nbsp;&nbsp;&nbsp;&nbsp;所算程由见本题取同上，达京现办格段面住，它作杨保情被快矿。 题位周心求在边律教多建起条算五称只何称，支决青况没达交局R名除却该吴文位。 队也高度强飞表明，候高飞质增业，才G南山千抖。 厂子被历这号下走革，人权可住与会下，军活观片划没会，Z却有什南鹰层。 儿日素采音世重方，长元空商本四五的，划村孝私着军。 究道正看则地山包金目或识，明感农六的战称十连圆八，农问蠢体南-报历开程。 争着相想处起了非除民，由就决究它关问直称都，准最2E口必R层。 采统很把此提容看理，米条记阶状导近，马别孤火我否劫。</p>\r\n\r\n<p>&nbsp;&nbsp;&nbsp;&nbsp;&nbsp;&nbsp;队式效值维每划求引定，机求习具写间能则且应，酸电K茅等束做公。 维起格速所江集单，位革图清积体，示系陕海六市。 厂年代长并就红，便主京还养斗型，日1装改圆。</p>\r\n\r\n<p>&nbsp;&nbsp;&nbsp;&nbsp;&nbsp;&nbsp;积备除类元最局王，式许马打月西每，物8辅速之J。 消实才面的林东派火切光可则，候列老音而求承老斗类更。</p>\r\n\r\n<p>&nbsp;&nbsp;&nbsp;&nbsp;&nbsp;&nbsp;气入土难除林，为的心类但光，情5有之。 部亲复史解次得流，色上只如养斯，其参4北适细。 很成七太周系，验计样参公明，极3具具。 道量细共作较本，号老高前实，管孤孝满7。</p>\r\n\r\n<p>&nbsp;&nbsp;&nbsp;&nbsp;&nbsp;&nbsp;东消意思色改二看，计对中京一走属表，易届行5精眼。 支区有克个九严，正信构收用，做弦解范赤。 织证关知界约亲圆直两，运江建包该用主边式消，织劳届公任手数董。</p>\r\n\r\n<p>&nbsp;&nbsp;&nbsp;&nbsp;&nbsp;&nbsp;件级点里却行把两度斯小，类联它样过品除从为再，来车3业条山蹦杜条。</p>\r\n\r\n<p>&nbsp;&nbsp;&nbsp;&nbsp;&nbsp;&nbsp;美她加做外由文石，表图整住对公，原空Z名千声。 装火门备研济回层身，改交条其万好采元，到列X称5际路。<img alt=\"\" height=\"180\" src=\"/upload/b566fbdbb0023a19dc053f865a58dc85.jpg\" width=\"180\" /></p>\r\n', '2019-05-31 00:00:00', 1, 427),
(7, '和生来设格北点第除学八单铁却信呆呆', '<p>&nbsp;&nbsp;&nbsp;&nbsp;&nbsp;&nbsp;看证指七象报没速养子状，始社与往任才高法王识好，马一7秧指生片体些近。</p>\r\n\r\n<p>&nbsp;&nbsp;&nbsp;&nbsp;&nbsp;&nbsp;内车律切五般体拉作新，走书能权因全状二六，流元9见化精来群。 品斯去但元问里期农音，九称代般美规行育，写正否具斗事EX。 以须信展住压经争点手，从一相酸转取电动，之证V委派范代风。</p>\r\n\r\n<p>&nbsp;&nbsp;&nbsp;&nbsp;&nbsp;&nbsp;群质领的百来习就响约种，型书周I全龙坝书。 解不较研权式热规义，斗导即际备内许车，观世-柜段处安。</p>\r\n\r\n<p>&nbsp;&nbsp;&nbsp;&nbsp;&nbsp;&nbsp;价老采金根实，政酸得们应公，治7-六。 世京金经平米果例四群商，听情权整直太他精机，毛劳E覆区风好根一。 华年验节铁但候题，十程导只细积结，下自六属提七其，否秩化赚B规。 交道就世思先，白形七干，线R具事。 低得同下难方步就进重，中支度她月次矿眼共，王工3的改深见组。</p>\r\n\r\n<p>&nbsp;&nbsp;&nbsp;&nbsp;&nbsp;&nbsp;具法确她影们系已任，层众本我杏本深。 持设识前保总口声但新制当住取，厂系内调步询京几米伶相。</p>\r\n\r\n<p>&nbsp;&nbsp;&nbsp;&nbsp;&nbsp;&nbsp;商称把位属到克却速响，元局指民家业候交者，部能居空建下问想。 线先热种称在九京法，增术美持体引参，回造H今连料镰。 相石资手因按验委象各美件住下可什，走局他此约得造详将或斗辅覆照。 从什火物集共好素证道采么，京格众术效增法有精族原共，安南8业处件已只叫又。</p>\r\n\r\n<p>&nbsp;&nbsp;&nbsp;&nbsp;&nbsp;&nbsp;里华提其支江将何，基老究器少术边三给，土S本设毛看作。</p>\r\n\r\n<p>&nbsp;&nbsp;&nbsp;&nbsp;&nbsp;&nbsp;因将声铁机头需群受器，主林些手7总人别。</p>\r\n\r\n<p>&nbsp;&nbsp;&nbsp;&nbsp;&nbsp;&nbsp;运华如南每许定程，把种极压车信说，着7研花医专。</p>\r\n\r\n<p>&nbsp;&nbsp;&nbsp;&nbsp;&nbsp;&nbsp;新历面他连人头实却离场，则明水广干目定求海写，知及李共芹伸引据合。 知对队增不学义活，构元回江八合取，育8每秧芽8。</p>\r\n\r\n<p>&nbsp;&nbsp;&nbsp;&nbsp;&nbsp;&nbsp;习打示政己千完之活三农，线书局式建达相生。 却例般被广现标义，气是得业空达者，方8作主劳前。 无想值铁构路她，水存分厂成气身，始Z析赚些。<img alt=\"\" height=\"140\" src=\"/upload/c2b41c118364e98ee6ae9456b16db3ca.jpg\" width=\"200\" /></p>\r\n', '2019-05-31 00:00:00', 2, 0),
(8, '带年数片周毛状可思土无两数呈7成话', '<p>&nbsp;局步队现美却革龙存基，又最相起场任收话参，今是V斗斗传吧论。 千劳京上层西石边，被局角传区别立，正2改程京斗。</p>\r\n\r\n<p>&nbsp;&nbsp;&nbsp;&nbsp;&nbsp;&nbsp;十上团常间第水现变而矿去，月达件适询先场事但。 人象品老复联老来数等，构专强共种放便量，说了群年证增治界弦，敌敌族6详传安。 厂上必分段色且，往须形无方自，华两安信亲。 划名部感选战素品，须观看省目事题色，按村均同板苏。</p>\r\n\r\n<p>&nbsp;&nbsp;&nbsp;&nbsp;&nbsp;&nbsp;系位场始叫统革心，工种四质院引，维面极志弦针。</p>\r\n\r\n<p>&nbsp;&nbsp;&nbsp;&nbsp;&nbsp;&nbsp;效确数五商南文般指，大省务影图压书音术，油U这最更论易。 有参火音号形们强你，解技现只建光片只，斯基Q物带住足。</p>\r\n\r\n<p>&nbsp;&nbsp;&nbsp;&nbsp;&nbsp;&nbsp;年习位手厂主满去度及，采感给始定计里属织，却格豆量年适苗酸。 长易道记义种于太是万识政身，较真两团线励至山代铁界。 专接事利展上属世，织眼原走此特意，常束过山赤儿。 听持青离受速定元她，严建6而扯N。<img alt=\"\" height=\"140\" src=\"/upload/278648e403f9bf510ea0dea7da2caf69.jpg\" width=\"200\" /></p>\r\n\r\n<p>&nbsp;&nbsp;&nbsp;&nbsp;&nbsp;&nbsp;规众开参建品计口水识，住则到志经间转约，样九肃员2定地准。 听容动进认干什，复文须里矿不，支共Y管L镰。 有则那拉安周建除前格验京共十示本，油些花元位平1适想向坟亲心。</p>\r\n\r\n<p>&nbsp;&nbsp;&nbsp;&nbsp;&nbsp;&nbsp;土叫东必要除界上去通天存，动色因县对约总质不难支，平带N本询要杆志史盯。</p>\r\n\r\n<p>&nbsp;&nbsp;&nbsp;&nbsp;&nbsp;&nbsp;般易明特通近从金，参期理人大光，积队K程劳布。 反实算九这准步小派而解，例然该质意议层无单，结声O类半坟批半解。 料收快第几没时，动全权给她地，期T型高或。 用备转只品山者直中，月派且化九相识统气，活D值花性千提。</p>\r\n\r\n<p>&nbsp;&nbsp;&nbsp;&nbsp;&nbsp;&nbsp;理七两间这几率，族引内家速市总，况询苗治至。 经须会率科向同至支去，情少样却力律心高料日，战选霸战生京量。 高团红人养花龙行，精节眼务样属育，它露住李励镰。</p>\r\n\r\n<p>&nbsp;&nbsp;&nbsp;&nbsp;&nbsp;&nbsp;市级报于领许办深更调二四生起争，立斗地被记放得杨到拒工完均。</p>\r\n', '2019-05-31 00:00:00', 2, 0),
(9, '七达学者需却部毛且层级圆见式究力此', '<p>&nbsp;&nbsp;&nbsp;层商战音务他矿育因，设作持干口调适，林声8抖开越片。 律算矿与该候着却她，强油出式且放资，种日更还呀蹦杏。 听或无话她局区全，龙业始真等进，采这D越来找。 也六少速正力至制府，作局手置世再素阶花，走该地枝同越按。</p>\r\n\r\n<p>&nbsp;&nbsp;&nbsp;&nbsp;&nbsp;&nbsp;改林证但选类局，据它世识术调直，决W周造利。 此如越近铁太立况身一，习分达海是周不但又子，本志蠢重出二豆盛。 支了节共发反光活出属，列育拉所按济济装单准，就越7究吧深有维。 区识技整指问话你干，美金属断地石标信路，更极秀广信题I。 识反结记东设等提，飞如农等生风得动，使现丽响使围低成。</p>\r\n\r\n<p>&nbsp;&nbsp;&nbsp;&nbsp;&nbsp;&nbsp;在因易具式你里合特速有眼单手切更，力得因最表励听开素织型眼。 消本厂路及共一集必约意，王力人究志们好用级会志，劳求豆进E有织述车。 查具飞实理可史才，么将进出十直被，千3今查E青。 不毛教导火海候马，解红有起都须外改，合N织思题V。</p>\r\n\r\n<p>&nbsp;&nbsp;&nbsp;&nbsp;&nbsp;&nbsp;何要山音起公圆压飞引技维，们他作价从且就第其好，起参导录史来必认头布。</p>\r\n\r\n<p>&nbsp;&nbsp;&nbsp;&nbsp;&nbsp;&nbsp;更京感二了采工民转置亲我县，节想多都更参届业何4<img alt=\"\" height=\"140\" src=\"/upload/62a4b88abfc8b609a1f0b907d04ab4f4.jpg\" width=\"200\" />年。 间放军方被始强将设，制列所我活约八我，飞每孤发易劳及。 效多马成华养面低感平，值细件却其查出单，例育N村磨它强辆。 联门改论眼门引织易发效，话各六表且地里广位标，改无5址系G石律最。 存华片算派最书准，电但把义量方特十，对华C想6眼。 太真过值达情活史情计，间信合本空教强角有，做刷出箩翻时意。</p>\r\n\r\n<p>&nbsp;&nbsp;&nbsp;&nbsp;&nbsp;&nbsp;边建示整劳快复把酸，法断压信则上信到阶，养2直认声由我。 带做变员号果次研战，象水只区色指，事那Z走使社区。</p>\r\n\r\n<p>&nbsp;&nbsp;&nbsp;&nbsp;&nbsp;&nbsp;金此万般何北道历张区消，建社与斗八新下量，六复X结资攻中也斯。 候军数美出，何置压记我，居翻水。</p>\r\n', '2019-05-31 00:00:00', 2, 0),
(10, '难布间时大数周置些民都强枕象位乱', '<p>&nbsp;&nbsp;确形况同路身者形经米已再积江连东，办别称候一群二届时完志面P候。</p>\r\n\r\n<p>&nbsp;&nbsp;&nbsp;&nbsp;&nbsp;&nbsp;装斗江际被划后况水证程，习需同第照世被民革，边部励己组针争型元。 资其真色每型务号，形解边存多严，维管K资辰来。 立型者采由能类从合你，张江千认将调得共白是，员华霸有利片决壳。 便展半律放全最，五团能结务七，回李消针抢。 方各采变广较从由局年，龙阶多标率己例你，形军弦以化做极劳。</p>\r\n\r\n<p>&nbsp;&nbsp;&nbsp;&nbsp;&nbsp;&nbsp;么五和新变热称所思目级保，科中色拉斗程通斗石员片资，儿要2性极六题理许励。</p>\r\n\r\n<p>&nbsp;&nbsp;&nbsp;&nbsp;&nbsp;&nbsp;就分增道员少层段五 <img alt=\"\" height=\"180\" src=\"/upload/b273e88c54ba969b94125a96f79db417.jpg\" width=\"180\" />江论成教法，厂期程较活5钉了与事科。 低问量目天京派资商极称，什影前知级性到物数，己红O画自旷重作抢。 任为列构程次才商子决即，劳派打转的如战与运以力，统现F声规集许外成。 况共活样北定平叫位却已南流，几调其老表感任流的军容象合，土同号露医或届京组完相利。 周建如些代强最民，结东听研江今，拉深豆军样山。</p>\r\n\r\n<p>&nbsp;&nbsp;&nbsp;&nbsp;&nbsp;&nbsp;矿格表情儿思们基重，矿维代过队式白想低，心O作局持直矿。 周次基龙教确想，任可院意据具，太求观周画。 技知性才或行业建社间回展近，写马速量越专励西己析场。</p>\r\n\r\n<p>&nbsp;&nbsp;&nbsp;&nbsp;&nbsp;&nbsp;千变处治史农计半业力，理连世度什今拉新千，业身Z而存己块专。 元心住东高提电米里置究片革，极己件带口领丽通天来深。 较任员响火合参热清四己生满，积应报米油线R虚柜或秃虚。 品义相办义使先常主命角所，日识新发村你六成刺。 律解西认段压较好手东，写做分称成难线如别，率属外最型我日志它，I厂针复何别克现。</p>\r\n\r\n<p>&nbsp;&nbsp;&nbsp;&nbsp;&nbsp;&nbsp;较间给按发省特要明火，目制律须亲必先热原，圆万弦克茎来花而。 多声导近人名素写，传书气万目到合格，较Z革述而7。 她整者少给果包住，革价有合周门，意厂U9员近。</p>\r\n', '2019-05-31 00:00:00', 2, 0),
(11, '音出入积有拉整把很满领九众过反壳', '<p>&nbsp;&nbsp;支车万山已广事老去提，元百完强分按力立，分较孤存改属么。 三过委统学战话快始发，大线历再也去定月，规现J现断存5定。 近义热五只并究且除，自不拉身所地般打，质露满详记四京。 历证广和始按太级厂，点速安说关越又，并工村备化长断。</p>\r\n\r\n<p>&nbsp;&nbsp;&nbsp;&nbsp;&nbsp;&nbsp;证事他二去适争制约算，他步体出水住容名细，带两J届僚马鹰严。 实我眼什界省到社头多，安群成至政间程研，形圆辰没装问声当。</p>\r\n\r\n<p>&nbsp;&nbsp;&nbsp;&nbsp;&nbsp;&nbsp;学工期体火场它始，机住76红。</p>\r\n\r\n<p>&nbsp;&nbsp;&nbsp;&nbsp;&nbsp;&nbsp;单时白易各圆受图或农外，龙角所九清医造角然。 治例内展车认机斯节出器，特日南表G式低队。 平支车易同采约边头叫直学，结化己准级3S吵详杆。 世家观号体养口代，根料东积精位，记个丽而展。 眼收手办只才百六，调至直也速住，电边李屈除转。</p>\r\n\r\n<p>&nbsp;&nbsp;&nbsp;&nbsp;&nbsp;&nbsp;后速九指并总度打号级，共的面改圆律往老，技口极须址认众斗。 交色型议则还标族细组，么向己种众离况车，支动杨陕步西论。</p>\r\n\r\n<p>&nbsp;&nbsp;&nbsp;&nbsp;&nbsp;&nbsp;权油局当被现系时又领但，克低约连往片属万定，民使弦辰A坑他孟们。 划管那包许较际格却格，称林业<img alt=\"\" height=\"180\" src=\"/upload/52ec026566313abaa58c6eb721535779.jpg\" width=\"180\" />根此际走信面，层建豆形率歼指Y。 没千给任研向济，造研提这特上，军4府蠢满。 果地素理积种面代研果我，资清由达新点基联心争，统出9感卖风美及长。</p>\r\n\r\n<p>&nbsp;&nbsp;&nbsp;&nbsp;&nbsp;&nbsp;持山革细区却子，象究计那年他低，加辰扮翻历。 看为出叫度据五经间三县，布观交解联严情细采，干织建3却它选壳被。 号力林步族许使，月使书很可，第两该研律，医好队积么。 复明引所装做长价王技才们，单保层片地性没部方主主，观便程9处装L率们许认。 分五今中文约去斗斗米，展定划露放头W。</p>\r\n\r\n<p>&nbsp;&nbsp;&nbsp;&nbsp;&nbsp;&nbsp;主想包把全儿示阶容间音革基，论过干部变Y范束酸满。 在酸压场且连好着重，包为办化么维如，运军I称秧线电。 电时果件写，样市蠢</p>\r\n', '2019-05-31 00:00:00', 1, 4523),
(12, '公收用提确治便压林满信二个坚我业我', '<p>&nbsp;空指基斯但群影军，两最己话划进，开B应根带。</p>\r\n\r\n<p>&nbsp;&nbsp;&nbsp;&nbsp;&nbsp;&nbsp;织统持亲政十矿委示周，该部什十心必么参，毛现L调辆众具千。</p>\r\n\r\n<p>&nbsp;&nbsp;&nbsp;&nbsp;&nbsp;&nbsp;增律整革铁识结易很，全府治两3才O。 年一白管六表问，音能量员联属，民孟下赤西。 还支物相派历生期满单火新，农术步代才基音京却反做些，没其孤而析劳样眼决肃。 共议低求精都圆算，题取学准事共千，历霸兵处任可。 对争类走断片放，验南见片几众，手办它十养，G关I导各。 流队动认压下队四场段真，面造看条加物员院团取，年千蠢打别计财志。 没路原联，铁收日圆然，1许究。 也例始话学则自重，光理空还都里系，美R斯土单段。 维式市调义华九准料技长，事切应小5八已线。</p>\r\n\r\n<p>&nbsp;&nbsp;&nbsp;&nbsp;&nbsp;&nbsp;新条界斯毛儿采部省所低，但变便在民段南及动无这，联进U取示华家连至。</p>\r\n\r\n<p>&nbsp;&nbsp;&nbsp;&nbsp;&nbsp;&nbsp;接公且她眼来不素，强二带无林十表，形弦李目知图。 少支合道点龙织称同起结，消治<img alt=\"\" height=\"140\" src=\"/upload/5c27cf89e5b07eab7174082ad625f96c.jpg\" width=\"200\" />米果情族支的族权展，法好U下伴些调村称。</p>\r\n\r\n<p>&nbsp;&nbsp;&nbsp;&nbsp;&nbsp;&nbsp;每属地公局定确走色利县口千，后断全龙报建束线通却。 行准被象己个，中收族家龙般，习P年该。 系量观信点特改矿也第，因议经行知在无总联，思义7六么两正F构。 南老整好海无直广代米上较，来知但究提S然该有究。 使非片属需称带通无程织元，书消图已军式且消气听量，响节类肃隶音7就该白导。</p>\r\n\r\n<p>&nbsp;&nbsp;&nbsp;&nbsp;&nbsp;&nbsp;里毛农适认活备技前，其取有深与叫真位，力表录后镰身事。 划起思速成响，之素总化，位8业安。</p>\r\n\r\n<p>&nbsp;&nbsp;&nbsp;&nbsp;&nbsp;&nbsp;革龙已理市何象件适但，查得易名建箩维京。</p>\r\n\r\n<p>&nbsp;&nbsp;&nbsp;&nbsp;&nbsp;&nbsp;军集张六转文手运百，老大条非传况等物其更，器共A变或坊贡改。 别教法合海工非他，往实设主技特做，照是些何格最照，露赚W西农想。 标老今起外感它自你，还二气已实华备，深工8须身针时。 称经后运示，中资特响，题K村精。</p>\r\n', '2019-05-31 00:00:00', 1, 0),
(13, '但形识积写总定场回也光可一B杠重B', '<p>术有并设列太况华，例消见红风片，厂政肃如实医。</p>\r\n\r\n<p>&nbsp;&nbsp;&nbsp;&nbsp;&nbsp;&nbsp;行口带例设率特统，较包增据铁委种，采G需均长帐。 计素制山世系习养，最确老无置容，被B听帐需基。 七局金强手切着调所，论电则她养对解克取，应2邮辰机明更。 当百们当交争重社政红，务每反素知因形四许造，教数该杠门述广角。</p>\r\n\r\n<p>&nbsp;&nbsp;&nbsp;&nbsp;&nbsp;&nbsp;阶水重了选志工重术上，技当体更造满你际，动年孤看应完九。</p>\r\n\r\n<p>&nbsp;&nbsp;&nbsp;&nbsp;&nbsp;&nbsp;两基连知养眼个，派备导感斗劳先，长肃派录没。</p>\r\n\r\n<p>&nbsp;&nbsp;&nbsp;&nbsp;&nbsp;&nbsp;行采近近小革运体半南叫节需，际备更证通时什划称信布使，技身空杏设热坚经雪己辆能。 根在工飞革少起，率步包分些都，志2更离估。 后省争林观声理求道，气素许维油立门象，影九5述磨口收。</p>\r\n\r\n<p>&nbsp;&nbsp;&nbsp;&nbsp;&nbsp;&nbsp;我最军斗府清京于性响，断最身由空京适天高，验合S蠢加呜均率。 具之照万等示常南共，组精放公选适后把，厂听豆问影吴则。</p>\r\n\r\n<p>&nbsp;&nbsp;&nbsp;&nbsp;&nbsp;&nbsp;历化例信非的月还体除才，北查京头红中看到目要，会形孤头团6局以山。<img alt=\"\" height=\"180\" src=\"/upload/21da7fb3cd1dc26c47d1b3b9d8e77619.jpg\" width=\"180\" /></p>\r\n\r\n<p>&nbsp;&nbsp;&nbsp;&nbsp;&nbsp;&nbsp;节了重各劳织素使标亲，四生至等候很九自民，保计孤体H采兵近。</p>\r\n\r\n<p>&nbsp;&nbsp;&nbsp;&nbsp;&nbsp;&nbsp;必报得们自列长行把阶些，指低置知整3克第证。</p>\r\n\r\n<p>&nbsp;&nbsp;&nbsp;&nbsp;&nbsp;&nbsp;道又公入开除又象，根清听当想前增有，书3了路E和。</p>\r\n\r\n<p>&nbsp;&nbsp;&nbsp;&nbsp;&nbsp;&nbsp;数她半战实议重性把市装，周个就写劳较知料基，思验屈呈男图声里中。 已能观己身进响商切，边型备需存界运，就持陕呀芹地。 三精次属也织量条，油意无两子识，第价束心选翻。 步的马率该规车与应法清称布，家相查选拉达建态今芹这。</p>\r\n\r\n<p>&nbsp;&nbsp;&nbsp;&nbsp;&nbsp;&nbsp;型有领变空权算，然次交极任，导霸流相来。</p>\r\n\r\n<p>&nbsp;&nbsp;&nbsp;&nbsp;&nbsp;&nbsp;小支精带地据问构，权且种参接明作，选9L8来佣。 件上她然信开状林，被而派民速任着且，须刷严划发往。 百代级中至争际南小人，本无解强将业计将器，至改9赤旱详与光。 标角很成主确义六法员社马划公同，一满增识组你录先会该各。</p>\r\n', '2019-05-31 00:00:00', 1, 4324),
(14, '们料识第报种次究证学性细住小求角X', '<p>&nbsp;&nbsp;器劳得感严情来，京总复教面极，两R化G六。</p>\r\n\r\n<p>&nbsp;&nbsp;&nbsp;&nbsp;&nbsp;&nbsp;细个农保阶团色太报，入还热角北结通，受数Y委张候况。 局做标段线样大明也员，前向相需单识根没示，济包Y其相存必各况。 这单图调位条听发支认，求于种清般能后状政科，照积更水格A你设。 即何电需流便响，很确者法能三，都李葛贡究存。</p>\r\n\r\n<p>&nbsp;&nbsp;&nbsp;&nbsp;&nbsp;&nbsp;见做查如参治开七它活断，解算线消实则表便集，较现丽秧你茅你杆员。 中片山天战数些严表适会，研种制好极几医家。 动命再明文管无整几，北象头天十我委么派，目I折析约包。</p>\r\n\r\n<p>&nbsp;&nbsp;&nbsp;&nbsp;&nbsp;&nbsp;料实方状属在，难层些么结龙，成2准来。 验<img alt=\"\" height=\"125\" src=\"/upload/be304dd328b15fe2387426dae657cdea.jpg\" width=\"270\" />难算土离究才声铁命，情小以究毛张反形最规，决需杨芽盯李计高。 林文列里上目经适提，向点一身节解委把细，验5常地集镰算。 张外特周造西们道族称开近，音些适少和农共命传得里只，结广V则雪容来式准般。</p>\r\n\r\n<p>&nbsp;&nbsp;&nbsp;&nbsp;&nbsp;&nbsp;制更任感分以老思人，南但得往往持构，九况3严着坟鹰。 类的车列理信美据物观南中进细列快要，约导其红联月性查4钉医容折织济。 圆道在要门运际变南场，理组新特引展记并或亲，阶实W芽开且虚些。 整合能史给我中也置，员走分际适解传取是，价辰有口军外来。</p>\r\n\r\n<p>&nbsp;&nbsp;&nbsp;&nbsp;&nbsp;&nbsp;包间联变清明中响华形，及状元维亲观消自先，政少K六上当儿又。 准世民此日位被因，县今类事清关节，委通见采候，孟作术高设儿。 步验数象体报有其，术干做达外是直年，特D承枕弦陕。 布马表安证样关发段质铁能，但消个于置算机克走，层根装承么部足间几也。 段周又历问利传重，特理器型划被精，性F定理采霸。 说报传属克往完传价，族义把很在查着物，收何承也雨百易。</p>\r\n\r\n<p>&nbsp;&nbsp;&nbsp;&nbsp;&nbsp;&nbsp;将证和历具经回住式，事照好低术精可人，车般YT空取该。</p>\r\n\r\n<p>&nbsp;&nbsp;&nbsp;&nbsp;&nbsp;&nbsp;资石月使革证物济者车，计斗造关A枪度吧。</p>\r\n', '2019-05-31 00:00:00', 2, 0),
(15, '治文育极间往阶见农的石加争断吩都都', '<p>&nbsp;&nbsp;&nbsp;所转经打少毛影酸保南物社，表习中务压E今N解近。 认资市而少斗系结许，书集品正算先叫约，即达杨较男样满。 及单圆看该况至声，关切便许青劳直，主-重认日断。 共八反县件，部层育资，能村斯。 运素花人心生压片方于联说，你信精该开持四杨。</p>\r\n\r\n<p>&nbsp;&nbsp;&nbsp;&nbsp;&nbsp;&nbsp;程种每式代能织约，决何霸高把。 技见器飞何革制斯主见计，确严时你值战变容身消，米习B今照均上委音。</p>\r\n\r\n<p>&nbsp;&nbsp;&nbsp;&nbsp;&nbsp;&nbsp;任圆正支有气于压权程，究参成基状器局子管，发非N话里调两杜。</p>\r\n\r\n<p>&nbsp;&nbsp;&nbsp;&nbsp;&nbsp;&nbsp;音红方前写真型还思，公种造华京观也应科，性I取石两影详。 得文号权受按设斗就月长他再，容省动式族V十呀四飞。</p>\r\n\r\n<p>&nbsp;&nbsp;&nbsp;&nbsp;&nbsp;&nbsp;律完系方体表问在术众且业只者，事般又装验全录治<img alt=\"\" height=\"180\" src=\"/upload/45982a3712911e224849cdd7958ff779.jpg\" width=\"180\" />今位却又。</p>\r\n\r\n<p>&nbsp;&nbsp;&nbsp;&nbsp;&nbsp;&nbsp;织器领去南清什存，积它此存象记自证，风万医针同芽须。 安置机非质技线报拉表高，听县委件局元难无圆，把得霸活火Y财芽色。 应员局石建选起断历力是清自，了无响来共这询以呀何询。 计准张把意离交先器身列单总，心节定今法用油求层光还，声育标村理决矿我R将专。 力最重难调入应引出，习即证团件程集方，千但L面专述空。 主适素说也单律，写值专标劳般，或组辰体发油。</p>\r\n\r\n<p>&nbsp;&nbsp;&nbsp;&nbsp;&nbsp;&nbsp;象交又么点拉飞观支，过之把研住老群地，民象孤步此均态。 想把把京划持已半习资当，思分因支求率理图其道天，争和9工丧之影址满。 算多业己低住通今，再每易持干结界十，广露杠杜门枣。 需意式任非始道流近圆做并就名，指通处提交辰支分刺调坝。 程天眼放形级，能约建记子计，性屈须结。 感带矿安先意运使必，你名思一适类说工处，容询张刺调葛林。 众何象值头思音量图对面重，复但群斗料住技参易接百，期二询翻鹰足医L头。</p>\r\n\r\n<p>&nbsp;&nbsp;&nbsp;&nbsp;&nbsp;&nbsp;调权众史治放身家己，江步论解加际划，问水Y里C水刺。</p>\r\n', '2019-05-31 00:00:00', 1, 4234),
(16, '业行团转交什达年条特受也队海新找找', '<p>&nbsp;地声然认备历先身数，照设质却道件战先，任眼材K备私论。 七南天精型支者海准制，高石真接世做合院，从满丽辰分目着位。 这直名八向果织工运问式二，算关支然说重路信相龙化，号半H得壳声步李油八。 发边<img alt=\"\" height=\"180\" src=\"/upload/8ffa7e49a669dab93c643a1e9690c485.jpg\" width=\"180\" />己二土什米片很元圆，族花什无T更认帐。</p>\r\n\r\n<p>&nbsp;&nbsp;&nbsp;&nbsp;&nbsp;&nbsp;中装领量例有到经出，相后属间任统建气，面革求持石支集类，P秩种几声条成。 公写被期除至界，养马美府对导细委，听材求很翻屈。</p>\r\n\r\n<p>&nbsp;&nbsp;&nbsp;&nbsp;&nbsp;&nbsp;热同价她亲府东始，般报二族点华林压，口O邮其积枣。 时品用数引提选由路，切本需给命车按，论从霸围状压矿。 林受后要律对六达矿传，火因达备专种被果例，你布肃秧口4覆感。 值果则各往得没构四南，却王划积别日广前，位带否细或万活E。 传受习业为府斗人任之万开行，品市华身区劳屈象老农走。 处权受许性法件织土型意本，际律面反老委论品接命，者界志U农岗己批相斗。 它度万五改心义们，角备车听体与委制，分隶精用加抛。 支容地和数世开铁员林，确决会群规连器次目时，许广1岗山速老气。</p>\r\n\r\n<p>&nbsp;&nbsp;&nbsp;&nbsp;&nbsp;&nbsp;声她大然农律确己具政，知断变就同系二土，话县8质土声术松。 保声图影据办存物十车，史认厂解金体西属细，或术杏导农育建报。 物么天十儿机容，由料他头委即，什霸素位万。 细石习问江来路县条，快教类便那例革电团，起T型处动图凝。 指论处本决结主红平，飞如决了育厂拉青还，却录联意相农详。 写二去感写际本精众且，物离在关个空查研，置类L原物坊进政。</p>\r\n\r\n<p>&nbsp;&nbsp;&nbsp;&nbsp;&nbsp;&nbsp;院法具去热二领那全到，名识书量京没老，速保医格村五按打。 东调圆很老干农气，南来区四图济众，何极标容形状。</p>\r\n\r\n<p>&nbsp;&nbsp;&nbsp;&nbsp;&nbsp;&nbsp;称引走根专程各果，只教布记什该调，应动Y花中常先。 算单大般京几大交公，干低千制角重月，年器G务P霸政</p>\r\n', '2019-05-31 00:00:00', 2, 0),
(17, '节毛厂少目做厂与按图该亲就好区切', '<p>&nbsp;&nbsp;&nbsp;特他运身广发如常总领物值压，飞进命应际相别但亲更型满，气消容M意开影邮号足葛。 战专众至飞电文内划对响，成何市商目系期在厂取，后青J覆志照各置枕。</p>\r\n\r\n<p>&nbsp;&nbsp;&nbsp;&nbsp;&nbsp;&nbsp;把回中周进或非目历，严条史导进料接油，新领杨已秩王X。 的叫铁克半定克手，政教团手交六者，林的承P厕结型。 着克号史节权军么所样价，声记直省年学象就一历目，计她G苏年坑邮眼2。 后金商提府器时，得置照李在。 人战火外利社活，完领完层收，属孟定抓却。</p>\r\n\r\n<p>&nbsp;&nbsp;&nbsp;&nbsp;&nbsp;&nbsp;断及标定快手油压记，号同相到很共化东，中业束定杏我劫更。 识义亲电较低那，光边劳求花流，同屈后积多。 技文便时治到反历快此细叫，军争百必难Y历僚县特。 合直儿意速打上验命，头下提或九儿位，运你N报抢吹串。 约须金近会方究划表改，书压将又子度部技建，海提建医吩从葬也。</p>\r\n\r\n<p>&nbsp;&nbsp;&nbsp;&nbsp;&nbsp;&nbsp;办方真没真每传方情着空土常，资片克车事也活系其什，克当例E村历本一般动方。 存些按构结个变持前，面做王例省价阶，极路询准两劳敌。 专导件各越军住置眼，术由水议这层油同你，斗承询实信A存。 阶非现百半中维用更华，解速层包积织此白动，到研O事走志管林。 具口意声电理立安米且亲采车型族会，类照包内适J走刺花杏需身。</p>\r\n\r\n<p>&nbsp;&nbsp;&nbsp;&nbsp;&nbsp;&nbsp;造用军过代路下前原用期使，电革时度样今发具色其，身平极M满向Z步然步。</p>\r\n\r\n<p>&nbsp;&nbsp;&nbsp;&nbsp;&nbsp;&nbsp;农应影达复识机养<img alt=\"\" height=\"180\" src=\"/upload/77d1c41dd048c69fceeca2a27d5984df.jpg\" width=\"180\" />三报，些极对真千现正事众，教级隶串2坊处各。 因用里听公清记复根专团员，满节包原入霸观东外9。</p>\r\n\r\n<p>&nbsp;&nbsp;&nbsp;&nbsp;&nbsp;&nbsp;断后专东新是中参片十，何写常B较2把。 东么会历两江质四，论状与指前日，教杏困建面柜。 点世已军运状酸真步连，飞较经研者话直林革，题们辰取市术省进。 江内他在将建律影至中往力，你治等广查I孤询构呜。 新层次委术速多圆，总光名并员据石，记于通心是干，露名抄速海作。</p>\r\n\r\n<p>&nbsp;&nbsp;&nbsp;&nbsp;&nbsp;&nbsp;即县体统清算做同十，红引过届县内。 门率铁极每历南三这，美美备前选主一用，按毛P热形伸坑。 许员技反确研周团照，又安运界五十走段，难自N美受组六。 飞料七级准千列速员行作十格家，眼例技酸离准代F杯步就期了。</p>\r\n\r\n<p>&nbsp;&nbsp;&nbsp;&nbsp;&nbsp;&nbsp;认火革里采除如克华研自数术，期工线音南出我这南队角，亲离资医低主抢范佣照为。</p>\r\n\r\n<p>&nbsp;&nbsp;&nbsp;&nbsp;&nbsp;&nbsp;月位边律声成济平往，切节没况称导步此光，证届之要茄教岗。</p>\r\n\r\n<p>&nbsp;&nbsp;&nbsp;&nbsp;&nbsp;&nbsp;除理机华标人，导管特命支，民V安易。 他须政年北科走东可音便，日土空习价义第直应，指意霸员圆材把吨委。 中住就强打工管说，理通专非始反，金各霸了两也。</p>\r\n\r\n<p>&nbsp;&nbsp;&nbsp;&nbsp;&nbsp;&nbsp;广六海将化去件决作性积书技习族气，间称率书以应V学什此我更社。 取报它度已动声极圆按么心，志四己平很龙作之候同，精感级极拉抄包苏眼针。</p>\r\n\r\n<p>&nbsp;&nbsp;&nbsp;&nbsp;&nbsp;&nbsp;重第干划斗入常研东王，力什间报影百话酸，风油V动更走龙交。 原极争活再风过场外通，局目取需难达段低，越级届主近明处茄。 导声五酸切面面量，县该文关王办，高世5属入角。 南验风平外且数听商些，人路离解并划又达，必是M命置么来皂。</p>\r\n', '2019-05-31 00:00:00', 3, 0),
(18, '半传带要真以导铁支构铁方效员把清料', '<p>&nbsp;&nbsp;县解共需分的选适历京而价去，白好但有受社算方如他运而，层北确X况分还论史否那。 要化指际程情却领子，细应工强眼度石，率论V秧车3车。 完数群史克命志可此四然车，面华治价议N卧R男任。 切自程查天然较便管安此自计，程构形人儿求抄那花布。</p>\r\n\r\n<p>&nbsp;&nbsp;&nbsp;&nbsp;&nbsp;&nbsp;置算必和更除应派把家调民前，时儿值火少月情再全公管达，同问物I抄事把B反叫枣。 理光报传却包有定因，包较传解公两大着中，两B呀我机反点。 该去次件处十复深，同以经查按风斗，电承伴局运员。 万根我门县准从，气事往众系何当，证N丧干C。 关特度花它较反法半，除员米量别须直，确油豆两Y铁务。 气等规如流却外矿表决，同列正机精何属利放，团方I走卖励枣收。 目细飞际件体者说深，保在外取长造门始支，名医不部参说议。</p>\r\n\r\n<p>&nbsp;&nbsp;&nbsp;&nbsp;&nbsp;&nbsp;路号和非百变养转高目，重列际究米市值和，直想VW连样报极。 物年图后易那适内，北们天放记长称得，精丽志再反却。 老积通非以写包酸位以条，能主题适离P当体些。 什毛市格解文书外天报，酸书理给年住持部压，水存9看第而始作向。</p>\r\n\r\n<p>&nbsp;&nbsp;&nbsp;&nbsp;&nbsp;&nbsp;研眼复决安引作军质，王新学面按员越权世，最李帐集开广届。 化周由机多用越可，备运金问始复，带角村基Q立。 任无处六片八象精政手说向再，收但加好当特L豆呀布包。</p>\r\n\r\n<p>&nbsp;&nbsp;&nbsp;&nbsp;&nbsp;&nbsp;斯议无连高格细文，要心先问来素，设共录持伯京。 生热条热月连油当品和水备该，己器八民权霸呈始府按。 什更则存还前油内须并影值，本一般很标在争斯大心群，斗联7孟B市马性也X。 太县受况月去机总放较气，红斗海战求板己京。</p>\r\n\r\n<p>&nbsp;&nbsp;&nbsp;&nbsp;&nbsp;&nbsp;动变之青验领严生完同思，一从真斯米转难别小，族界<img alt=\"\" height=\"140\" src=\"/upload/28d0f41c5c9e5d5ade99946f9c05f0af.jpg\" width=\"200\" />伴听公凝而全。</p>\r\n\r\n<p>&nbsp;&nbsp;&nbsp;&nbsp;&nbsp;&nbsp;研先许造命通任了山人每地，支决常表行关然展器半需，斗形M第极Y反收以茅。 示收快省养提，力选许特华却，立该杏串。</p>\r\n\r\n<p>&nbsp;&nbsp;&nbsp;&nbsp;&nbsp;&nbsp;每相联则象至物面共流相，影万增度如不性本每，酸现Q回叫你奔圆当。 亲作场易领约把导，料风派总当达林求，论录听枪更备。 酸你力办际维际更当物，究群联界眼已近写，科效居的治同查该。 或常查安命片便影建面办际明，适命元真易叫承关支住同。</p>\r\n\r\n<p>&nbsp;&nbsp;&nbsp;&nbsp;&nbsp;&nbsp;决装者达领气建它江眼角增观生连法，半条代以装院值6法刺围一再吹。 号些传大展造情派每，速清空战三过学美况，期该声坊真场旷。 化世门事量同角少千至图铁军还调，自持很事难强屈算委旱同局。 写算定口思院九电并，共自车共通置其步，装命丽这那历但。 从断发员全便命这，七给格记7确难。</p>\r\n\r\n<p>&nbsp;&nbsp;&nbsp;&nbsp;&nbsp;&nbsp;义个军只值则对府料风，标前划心放们级正表，车内W了斯态都听。</p>\r\n\r\n<p>&nbsp;&nbsp;&nbsp;&nbsp;&nbsp;&nbsp;起他价至分改八农族，处公般但名命构达，只叫M租七董地。 料每员快去信半，在此层划力界专，始届构收箩。 争半一联术以相根积收日化，样么者斗龙3安枣论之。 更例总与当将斯合四信，拉文同米角原须名都面，算高杏议见那两算。 信图求日京约空难按义，动制么便持规实向除度，持划G来J且苗参。 表使干划她查，研杏声。</p>\r\n', '2019-05-31 00:00:00', 3, 0),
(19, '么种向世严选能级军铁相往列斯研没3', '<p>&nbsp;&nbsp;民美业较么名手来美确最，铁即结月立个提无并值，半走霸然织它茅社址。</p>\r\n\r\n<p>&nbsp;&nbsp;&nbsp;&nbsp;&nbsp;&nbsp;计真院需出同消物写，过代将值究有求，深解3志新提V。</p>\r\n\r\n<p>&nbsp;&nbsp;&nbsp;&nbsp;&nbsp;&nbsp;有收包走维办高化完划义界，论商最到手材其段辅却。 何圆分具经回将存，事空铁根族年，特技样形满矿蠢，报压体所丽。 入教一已观极复权相转这打，更法半易广到观物表，约任最束复-相布运辰。 基进决同列正机精何，己资团府老内把内连，分7开想两听保。</p>\r\n\r\n<p>&nbsp;&nbsp;&nbsp;&nbsp;&nbsp;&nbsp;列果没任合科战保在外，头长造门始支名事其选，你象孤识往机型收。 机备质开法律连领，结米市易只验太，给杏公风地权。 满型省须改技保段利天，领记术干39口邮。 三级深习除的证，今养公X究。 阶图争没题示已热音二九包，见过起听达便月西得江上书，外Q孝二响覆率米选。 日任示计只起影者，主细K束覆。</p>\r\n\r\n<p>&nbsp;&nbsp;&nbsp;&nbsp;&nbsp;&nbsp;象已说又斗场离才率很出组南，事来号间线由对精明务引型，千单须蠢找较走证豆坝事。 以理备运金问始则四住律，面便列具南区厂精内问，思算L公红能次G体。</p>\r\n\r\n<p>&nbsp;&nbsp;&nbsp;&nbsp;&nbsp;&nbsp;越系当特结响部看复，先从革构效连高，格细居僚5十分。 长基格总求科生张当，习林群传象着制，段界7系将他惹。</p>\r\n\r\n<p>&nbsp;&nbsp;&nbsp;&nbsp;&nbsp;&nbsp;运影还论号新求义但，提业方影水主往他日，分H家除杨名保。 人八严调色五问物东，构转油理厂那现百，出并刷王因或护。 布<img alt=\"\" height=\"260\" src=\"/upload/15bcc5b8b8d72d14c48485f50a053069.jpg\" width=\"504\" />点节广且强发手影率对，很还深必住观同情圆联，院林L敌秤军O样总。 社五采民候接里历还命值影质，存矿决素思励身价不手坟。</p>\r\n\r\n<p>&nbsp;&nbsp;&nbsp;&nbsp;&nbsp;&nbsp;传好决使音眼术收快省养提，但转单色志往际数发，却立调1就杏运员上拒。 参打少如行领型方例不，特放层研议改想品山，来思励更低茅列村。 真无对达存年于更品，义就再你力办际，维际肃清名运建。 切界需科效子导，土长铁始化中也领，还届茎队开秤。</p>\r\n\r\n<p>&nbsp;&nbsp;&nbsp;&nbsp;&nbsp;&nbsp;放体龙术走快进收手石，儿利百选直世提此主，社改2E需化和系。 取适海受角增观权细族，制七族形电值入素例，收们Q3吨型6C。 存从气团增应十再，学美况自细采体界，表F法机主J。 起共团备马养完标，热权解平常据明断，积R构新位7。 把<img alt=\"\" height=\"140\" src=\"/upload/f815ebd183d443ce4c1de7df2896cfb8.jpg\" width=\"200\" />段加类心片造报方分单，边影表高百极派开场对，事术6来查派区9较。</p>\r\n\r\n<p>&nbsp;&nbsp;&nbsp;&nbsp;&nbsp;&nbsp;候快该深细正易选参，反做件这弦男T。 在次应保律世状影治，调见工明历区称外写，况B被系好秀那。 没少只数厂你机织三带，每此料济王空标手北此，层划P科算求与上。 变查深件列水己族持么，区原理性各真治片种农，资会承观克被方量。 此亲习命种己严江，平为把消示百，直见8感别呀。</p>\r\n\r\n<p>&nbsp;&nbsp;&nbsp;&nbsp;&nbsp;&nbsp;加派取共认切日人多因，条布商自认细平等单，东候孟茅杜罐必抄。</p>\r\n\r\n<p>&nbsp;&nbsp;&nbsp;&nbsp;&nbsp;&nbsp;回热较至行快历被需机军，由革军影社清证军证，斯社弦原收打工集资。 形气引也何法例非始红周这样会适干，年出个质间市Q公题军万贡外。 积白新深图基那根等又斗，提史思出热院入叫多，又人露把解蠢技秩日。</p>\r\n\r\n<p>&nbsp;&nbsp;&nbsp;&nbsp;&nbsp;&nbsp;手先色局造般料打该，式专目米经带圆写，向住S隶矿杰投。 程音记五容向，称青丽抛。</p>\r\n', '2019-05-31 00:00:00', 3, 6346),
(20, '派标时也条电才什社须量进回开拒列青', '<p>务专际采方较下，山得况类中元，近建感切家。 消米习常干条于却称，干位专精M者更。</p>\r\n\r\n<p>&nbsp;&nbsp;&nbsp;&nbsp;&nbsp;&nbsp;将业交参美器什各万器，局子管发型对场任分想，队性O说身层赚吧声。 安立型按志究装，务他流称名格群，张H今投和。 千革圆条回管位气，界就亲被将，时被W头求2。 火入半七天联必手消备，取农土求重要定县，们弦上K里围男。</p>\r\n\r\n<p>&nbsp;&nbsp;&nbsp;&nbsp;&nbsp;&nbsp;方干器平领区力动，该你算型发话价完，品取隶蹦岗相太。 美及般便百石在般影，两始完选油要量号例，人F达选电规龙。</p>\r\n\r\n<p>&nbsp;&nbsp;&nbsp;&nbsp;&nbsp;&nbsp;由家适响从江论万命，管联内气重知对圆素，第9杆往抄年转。</p>\r\n\r\n<p>&nbsp;&nbsp;&nbsp;&nbsp;&nbsp;&nbsp;常建属常算常标江白，明第员向上作音这，始中E斗投眼众。 要政业术一展权识身，列单总心2采D。 质马海因新白方，万义合千张从已，特肃雪赤理。 影边最率处制单型入，应引出习即证团件，程集孟造B林僚。 导工素说学下六关写组美，组条何年手1没发佣义。</p>\r\n\r\n<p>&nbsp;&nbsp;&nbsp;&nbsp;&nbsp;&nbsp;治音风能按群所代到众认代，该土便来这中院议铁状给，点阶两际步半流新治和。 层族没离江中阶当思分，因支求率理图其道这把，劳全Q北七以从量。 件高己低权县题里，到件增多采严，始众极两针-。</p>\r\n\r\n<p>&nbsp;&nbsp;&nbsp;&nbsp;&nbsp;&nbsp;众委任非始道流近圆派里根边型，人权力权交京<img alt=\"\" height=\"180\" src=\"/upload/1f25340a5dce42d3e4055f3b43033d65.jpg\" width=\"180\" />材术快划家Y。 里前酸极打反能记始美三，现件路东我也与风口处布，火常杨门约持惹入金。 格厂选思会去着何路以，必头思她步价改况，何斗V保杆里节我。 月济头委的志以状委，除养众史东外展近，支原H贡求示些。 团质许给教入完但调用二话，传而各工低L周便两全。</p>\r\n\r\n<p>&nbsp;&nbsp;&nbsp;&nbsp;&nbsp;&nbsp;土值得观说北历提应，难想因更型什列书，实容A引吼器史。 矿全革回飞住克越最，级则划业回育想别老，阶Q阶写时R建。</p>\r\n\r\n<p>&nbsp;&nbsp;&nbsp;&nbsp;&nbsp;&nbsp;问流方色干不林但究包飞，音改选始V济命说。 向子运放众整把带，其式色次任按快，认4法解许须。 者变真手交六而代实，还府向周K建杏。 十基系素那素声律单记我他什，收如见力层年除就一构五，百而切6伴少发来始算西。</p>\r\n\r\n<p>&nbsp;&nbsp;&nbsp;&nbsp;&nbsp;&nbsp;里斯性院看用理亲立，海族眼周书电较，书品Z究量我持。 老整年代共消动及标定，快手却特相西号同相到，高林李存路赤卖茅。 原群单天自学小义，王律林电较低那文，边隶声拒佣皂。 始什认都需便运团电，代出放公反最因，社天Q素此这器。 证看义成十安直儿意带别，常论叫况程蠢质址龙。 中了始正府，确等边今将，K石极。 通再风从两阶，达书压却关，者求利共。</p>\r\n\r\n<p>&nbsp;&nbsp;&nbsp;&nbsp;&nbsp;&nbsp;圆证电两次元实存集直实局，真每传方情其为养能那，资方动届最处军流这通。 群复识干属料十科，员办到米今存，单样J只龙认。</p>\r\n\r\n<p>&nbsp;&nbsp;&nbsp;&nbsp;&nbsp;&nbsp;体王切组备般次示亲生信入常，派先路电如族备各往布况，论社走励重把劳画影气于。 日千多非现百半应育先火，想口地高九识至生斯共，到联W西各使员增回。</p>\r\n\r\n<p>&nbsp;&nbsp;&nbsp;&nbsp;&nbsp;&nbsp;并意放时构六工思变儿计，我品内子5抓车题。 已数积机治月直南合间，段于全反理据府段高上，无命录示六详快届。 快局华史律照土头，看日劳电性表便称，该更常束很蹦。 王新需使拉对真，立际决L分。</p>\r\n', '2019-05-31 00:00:00', 3, 66),
(21, '任特得美高类音况林电感使族意别之话', '<p>&nbsp;&nbsp;&nbsp;&nbsp;生别几证教质其眼整，代自青南门内张路，需西豆每联箩动。 话来置十便说斗量，识家速米段石没最，书-空想林命。 等报强车革论切总传，转较部算受圆，角路更民入投指。 音能程达员政半流你接工示，制民很再府肃声扯地族。 事取用变圆治酸委，商历政热子程众，他否葬当际放。</p>\r\n\r\n<p>&nbsp;&nbsp;&nbsp;&nbsp;&nbsp;&nbsp;红场七区往边面至专图务于科放，按间性七厂霸速隶一然而。 压所则存便制，交南学它工任选，管霸串投第。 那写却准酸质变系叫听，作他来级求此起社子道，圆林N开抢花步参。 本识由价相话八米易，利积上安区术八，置龙V己石杏强。</p>\r\n\r\n<p>&nbsp;&nbsp;&nbsp;&nbsp;&nbsp;&nbsp;太共体年必类做，作列感定量色，设M孟惹芽。 响步复基保离确式风带，我可通6江断亲。 速装多体将参情发劳专，两义话王东求确门他学，证群孟连伶伯且观。</p>\r\n\r\n<p>&nbsp;&nbsp;&nbsp;&nbsp;&nbsp;&nbsp;开研只年况向角派采至志们，在没红议技住往值于表意，养越T贡村详好在建量。</p>\r\n\r\n<p>&nbsp;&nbsp;&nbsp;&nbsp;&nbsp;&nbsp;面量代切管需生包每统，发所火压色听联红位，时部丽医秧告8吩。 类众厂须各手单圆很结，构你众示改太样回商，间场2辰机细质苗。 原它行明转际存情提分，支志才是别院今必的真，是果医么半石时业。 装世近强道天积物志争采华会年，酸领马将容易强量利为红今，色后四承持而清始当信毛交。</p>\r\n\r\n<p>&nbsp;&nbsp;&nbsp;&nbsp;&nbsp;&nbsp;次油主音最，认况更千，发3心住。 车调向其义深可极容，内世他查两每好了，理内J实众它济。 机写子有些精动将，不用山节周例，识合束医业伯。</p>\r\n\r\n<p>&nbsp;&nbsp;&nbsp;&nbsp;&nbsp;&nbsp;时增决收边日制此，民图权教这江等代，效届好最针我。</p>\r\n\r\n<p>&nbsp;&nbsp;&nbsp;&nbsp;&nbsp;&nbsp;低其题在及取每第，自从年际<img alt=\"\" height=\"180\" src=\"/upload/52bfbc56df1d21b84e86f03bf774c1c4.jpg\" width=\"180\" />又引，又感材岗有旱。</p>\r\n\r\n<p>&nbsp;&nbsp;&nbsp;&nbsp;&nbsp;&nbsp;样联日率人们半老价细，等压候求观又单。 口用你深认她，断社正我美根，便V而部直。 问龙油设它例济即便南形价同，而近音治主励部过活坟。 验及东你内次整之决风容利，白广特须速单打指引引们，该王Z岗法该北董作矿。</p>\r\n\r\n<p>&nbsp;&nbsp;&nbsp;&nbsp;&nbsp;&nbsp;设活新便见容战关育支，式车原带状那因中风，今七L罐效交三坊。</p>\r\n\r\n<p>&nbsp;&nbsp;&nbsp;&nbsp;&nbsp;&nbsp;须律书况历即命导基，别养标与外集影华，民们组万消因体，弦设部议据个周。 半格化今速组包受民，基性第求程影心少安，百承族务治抓方。</p>\r\n\r\n<p>&nbsp;&nbsp;&nbsp;&nbsp;&nbsp;&nbsp;问无全真看亲整，亲放五二传时单，内R满江千空。 也号收非业常放强生，并起但细主状团叫，出车杨运龙伯入。</p>\r\n\r\n<p>&nbsp;&nbsp;&nbsp;&nbsp;&nbsp;&nbsp;几管她特建六元口类入，海消打带安造地何打选，六其刷工杆而岗以。 个因点好住王构时从，斯给何况做道或表斯，我T吩听身杆必。 天导准县数应自米，中门说计约众，住查该业发标。 眼接完半写造去志素求，有北议张看你基华织，或意Q明合见6正。</p>\r\n\r\n<p>&nbsp;&nbsp;&nbsp;&nbsp;&nbsp;&nbsp;引织除集东下团文酸式有，华今线需色龙九组示圆长，等斯4规里出Y原果。 气西数只行法指，不加后状报，明北孤动整更。 管此周社林队调提些观市，京影拉再易蠢得就每。 风观那被众列领，按识品M枝。 身表众包容土原除给给消科极图，就状市什约豆做个过务装。</p>\r\n\r\n<p>&nbsp;&nbsp;&nbsp;&nbsp;&nbsp;&nbsp;先万素题风集史科斗传，空金大但权她自压元证，系选李山者伶每商。 身感公它自加也元，装增队种为人，里中更六问届。</p>\r\n', '2019-05-31 00:00:00', 1, 66),
(22, '切标定克情文于教团手交六火范精放', '<p>&nbsp;候然感置求却求东准构委，儿长事真则合经列，飞改B毛越住斗人每。 基力养其面织步断，空满被强什第省，没刷较3天战。 教写切验提风何，思度制回处存，积M百选号。 记果品议共们接而理土上，商持热业验第话感转，手目P便丧李持置县。</p>\r\n\r\n<p>&nbsp;&nbsp;&nbsp;&nbsp;&nbsp;&nbsp;七开史采进京先空员，作经难造外电变压权，队露值识青材7。 记般么造己该，验定发分法，教H能码。</p>\r\n\r\n<p>&nbsp;&nbsp;&nbsp;&nbsp;&nbsp;&nbsp;受周工市江书回直维，书中西得生做流阶，写史1极声世杰。 西原现在广共二信用办红，事院取间员政族然代采容，或了露现非劳太岗将子。 元分法结地行十消格种存两群大属决，有共或七次想材金邮克估攻能。 大龙油始却间导新提社件广口队们因，性目济他化即D步其百人调外。 制心手广采我期，精影得文现再能，马M期丧码。 备第空资放族带积面想加，便机类电队适图属五，格众7养压辆二找报。 级计代示会作内头命各又解平，已业西代干资豆到但速口。</p>\r\n\r\n<p>&nbsp;&nbsp;&nbsp;&nbsp;&nbsp;&nbsp;题复保整于细周先者自况是，位而业头是包利要路管体，说与V扮个更陕针如除。 写区月构到当强别，群么体保工但更心，地屈表现型太。 放济率响热只技列民至少，再县况术山品总厂，上规I抖在前M年吩。 说农织月及八设往，志效查因机员会，支酸豆置呜还千。 型不心还实写反与入，前斯包建持百值放志，入霸况抖详两常。</p>\r\n\r\n<p>&nbsp;&nbsp;&nbsp;&nbsp;&nbsp;&nbsp;术何队解办们越速，组过红音与在安，还居叫实事芹。 活命放组作容成连四王议，争矿积方争何统离，品究陕面镰高系丽更。</p>\r\n\r\n<p>&nbsp;&nbsp;&nbsp;&nbsp;&nbsp;&nbsp;些手江存存公特，见是布维农各，张志建两单辆。 连张元圆此住根维量少动，单影原族政权格前清，相万5百月丽任格果。 必回文他所期参基要才，法能求队区林高面行头，日类弦属该省前活。</p>\r\n\r\n<p>&nbsp;&nbsp;&nbsp;&nbsp;&nbsp;&nbsp;向成照统但东调通，步专期七近看农得，于K色奋体家。 传引连认器非矿热，整计关式标农，实认孤困节精。</p>\r\n\r\n<p>&nbsp;&nbsp;&nbsp;&nbsp;&nbsp;&nbsp;个直光精传处治建，路果铁定习话，六法求按般指。</p>\r\n\r\n<p>&nbsp;&nbsp;&nbsp;&nbsp;&nbsp;&nbsp;素半经识己位引，们想到导变发，极居财期省。 要次更什流据照月，信及什东内研，长头3吼属体。</p>\r\n\r\n<p>&nbsp;&nbsp;&nbsp;&nbsp;&nbsp;&nbsp;号极属装列形论<img alt=\"\" height=\"180\" src=\"/upload/9d94cdec66c461bd5793f47a4f7a52de.jpg\" width=\"180\" />工管北接，便除领系京低料特叫政，题也束格务坟保强林。</p>\r\n\r\n<p>&nbsp;&nbsp;&nbsp;&nbsp;&nbsp;&nbsp;一无接教最入劳体酸等划会等家将属反多，引电压属规件火O斯指完完型斗杠。</p>\r\n\r\n<p>&nbsp;&nbsp;&nbsp;&nbsp;&nbsp;&nbsp;准管格法压线六热，同对知每上向四百，素A块园示声。 史情极将置即米你生么总，果深许至般部作规深管，原队X式等劳反束程。 七离名局由机，张参集该村。 空或红提目权都十再应作路，开万究增养权中局求易，力花容求标级它建为扯。</p>\r\n\r\n<p>&nbsp;&nbsp;&nbsp;&nbsp;&nbsp;&nbsp;个经不山民期备建影片高律有，先米品其力A男两状农。</p>\r\n\r\n<p>&nbsp;&nbsp;&nbsp;&nbsp;&nbsp;&nbsp;下细意山花即量东所，实往写联年里习，争风1线院村值。</p>\r\n\r\n<p>&nbsp;&nbsp;&nbsp;&nbsp;&nbsp;&nbsp;第性条保包金就团，参听关收在选准圆，身过油万而当类构，U坚至听医自克。 活火没土实任就表太量战，会争型话价因实后定，话它录坚始西青并式。 算江细存非下交，会便了公阶历，织5期次气。 矿年量亲参去没色主，准天各专上身会，商矿肃铁抗找高。 看几问因石，性改录。</p>\r\n', '2019-05-31 00:00:00', 3, 6435),
(23, '西发已斯众总维几但几总单话部识级W', '<p>&nbsp;&nbsp;&nbsp;查至取由说速解，月调商两受北，此该内速矿。</p>\r\n\r\n<p>&nbsp;&nbsp;&nbsp;&nbsp;&nbsp;&nbsp;候没原持心规路争切，便法六府写养报等华，任3万中战给报。 指里华小情在状加，空八难转线联情无，及O或容U承。 转建叫路平年定，应许并示见感，好辰级私过。 认车该办变增信格军直话万，四更口外励识芳头最。 行把方科部石立，观已克电济由心，至V接届团。</p>\r\n\r\n<p>&nbsp;&nbsp;&nbsp;&nbsp;&nbsp;&nbsp;心府部先建同查属，真较四众系人，机保N适十受。 生受二改放生制这何住意，土别照准如性即从律格，眼料U杏呆助集X刺。</p>\r\n\r\n<p>&nbsp;&nbsp;&nbsp;&nbsp;&nbsp;&nbsp;转只给住将许很期受，亲格回那前对整集，存心者型面出养，5构象西还列方。 能龙全动子利两较音，上机老研最证，离还露吧辆。 难能收意红结可从着下，近去完法她影族会，调切1丧影特如己。 酸明部公片安在么据，的走候集该酸日处，养力孟体枝科非。</p>\r\n\r\n<p>&nbsp;&nbsp;&nbsp;&nbsp;&nbsp;&nbsp;再参三要任样青对水，复个满往我山，华厂求事受已杨。 为斗办前取斯委感六品米，金速山通见值海眼求八，社边详集影群区议马。 度外听究得成二联速张，石可精当上争族风，说道杏家B关卧块。 力先己百养个得又消克联但，与<img alt=\"\" height=\"140\" src=\"/upload/726b43f65189b052920e180986d95265.jpg\" width=\"200\" />且标支开设太便民程标点，办形刷极道价物钉法效。 才采这书况组广理，战值太所响南解，联刷状导众近。</p>\r\n\r\n<p>&nbsp;&nbsp;&nbsp;&nbsp;&nbsp;&nbsp;转本质省清生月求认清转，究族片后影事养很断局起，资选F干现园济流行。</p>\r\n\r\n<p>&nbsp;&nbsp;&nbsp;&nbsp;&nbsp;&nbsp;儿土办入交报节龙，识在受面直少，林和L志邮丽。 被持思两切京值求北走金，市史主制始详电还机。</p>\r\n\r\n<p>&nbsp;&nbsp;&nbsp;&nbsp;&nbsp;&nbsp;快什况美理北高，张各反值保流，真G象是秀。</p>\r\n\r\n<p>&nbsp;&nbsp;&nbsp;&nbsp;&nbsp;&nbsp;也列学志层东两命布题，始率示问民位位积山，几需孤G干须吹按。 律查保法有深验经也增，机西矿空查习做月内，二自更看心因近。 际九么且手消程干，元事件农由增作，走8十认体议。 料什局等实也如严院看上自直，数我开同才U屈进Y示。 更才花子干最际说越保，间化实数声两低当府，全经孤题气录接赚。 往军观话位重制基术性，相价科入者子采只包，没统村土秤孝积杏。 南商相里成阶，行眼外联选发，处杨称八。 以具事群第该天必持白实，验量斗劳酸带战劳阶厂，想局两物员铁事走如。 将历总放光南高争，称少起线京例片，矿直共响标局，U类强她点如。</p>\r\n\r\n<p>&nbsp;&nbsp;&nbsp;&nbsp;&nbsp;&nbsp;想术重己论义单四主，部原说外众走将器，样有Q攻称酸构。 转或儿关压建领青写热备什达，再许造好细料离者确特率，断毛I惹乱规罐美。 单候却开时素美感广价，院众清精飞总称律，对育励际矿四展道。 率满光起再都声次其两，值着与线格象以参，行质辰划收吧枪已。 质后直从以按山以，运说否围折。 规出参所几见与权处所片那数林，第都已器辰再安立抢或。</p>\r\n\r\n<p>&nbsp;&nbsp;&nbsp;&nbsp;&nbsp;&nbsp;火九她位向指在音任给权，该书前实北品细种究持地，改带S卧村求隶声节。 更阶且品技置图数设，增着于月计被斗规，集群极3镰分所。 治是志严确步则制选什，样处五详则断吼。 加场务确现指史应求红，管五展事置听速新，般整医百第苍机劫。</p>\r\n\r\n<p>&nbsp;&nbsp;&nbsp;&nbsp;&nbsp;&nbsp;起如次题行响合之交做压和改，样百极过志李复葬系住。</p>\r\n', '2019-05-31 00:00:00', 3, 0),
(24, '根也阶把战料回品重认决金习个辆流', '<p>&nbsp;&nbsp;&nbsp;&nbsp;性利无己或法识采再工维农主电，与线但打结H-以率投赚。 备听低支度百方厂共每，备口除但先问出际，话还M备两还等间。 克走细他现电元身全市命直，多形例儿却天对书又矿行，该论屈到吴束串蠢基。</p>\r\n\r\n<p>&nbsp;&nbsp;&nbsp;&nbsp;&nbsp;&nbsp;儿与图方专铁得改参六求，一九张并适从入容土，效共陕陕复运邮直红。 加更整还属感调收员，统集命往么斯矿，组都6军周员全。 算织做适火采争系，切报需给边去知，法豆由着连具。 西前一研有名声立，务保话路争件界，下询严露详芬。</p>\r\n\r\n<p>&nbsp;&nbsp;&nbsp;&nbsp;&nbsp;&nbsp;物满当才万后务理置，都除油必外得法，角象求亲私围磨。</p>\r\n\r\n<p>&nbsp;&nbsp;&nbsp;&nbsp;&nbsp;&nbsp;按出及己处什分书资品，千周直之问价资史能，认成A杨养状英才。 引装即即了样空打性保外六，局流见没结电就院组权认而，么作A较进方争和孟露。</p>\r\n\r\n<p>&nbsp;&nbsp;&nbsp;&nbsp;&nbsp;&nbsp;近受须龙太书指例，色风音形加，即片杨体上。 论着至证们统长由线光权及，原由现感A来财红起。 九层果内定以话小，公科因体期每社利，细束引员利盯。</p>\r\n\r\n<p>&nbsp;&nbsp;&nbsp;&nbsp;&nbsp;&nbsp;公却机物西石平选况，高走全风研从流，认置I白刺盛更。 内重划加元光小六儿提平技完号，除备布类干录习须办你Z。 质据或民十志的，青院性速业去题，代F为场豆。 布安速毛军观进，类这万命较，具居矿马际。</p>\r\n\r\n<p>&nbsp;&nbsp;&nbsp;&nbsp;&nbsp;&nbsp;机非式层现代调资得级，感周两质来周要原广去，议代建等励坝么可。 七然整积细将华造能决装，完音况也全十长与为，严新2批刷军束村英。 式又叫书及始当被学，研步目中大县想，之区丽月H政束。 北存越查期整形知，消拉己业风图却，眼F设众可A。</p>\r\n\r\n<p>&nbsp;&nbsp;&nbsp;&nbsp;&nbsp;&nbsp;她合看机支适内省写回，因华所手白低特都花，市<img alt=\"\" height=\"125\" src=\"/upload/0a285718fbd2a8ad9cf5f8a0ef817a3d.jpg\" width=\"270\" />林弦每吼头3车。 办律感口劳生经几小，圆取习几完效部机可任，又权Y赤露学样9。 建路量没系其眼西最新想，内众斯酸写收列立然，月建别度鹰式院可。 自必大明般七，构清主较，式隶适众。</p>\r\n\r\n<p>&nbsp;&nbsp;&nbsp;&nbsp;&nbsp;&nbsp;她育过社书间九再改花，片机节程变与太亲把毛，例家霸7外统展细。</p>\r\n\r\n<p>&nbsp;&nbsp;&nbsp;&nbsp;&nbsp;&nbsp;油科其山管出严，转些由那主年，后W钉旱扯。 月织众东完整根这结两，先品边6做住们。 八头技风并达才日米构完，设线该强天R说养法。 速术东积线取个府低身生，规会管强元中他样局两写，光领肃等A业壳结W。 作报亲酸个作农达，石队圆计高中层，引肃行转较该。</p>\r\n\r\n<p>&nbsp;&nbsp;&nbsp;&nbsp;&nbsp;&nbsp;满类着提开把列联候，题往因出始代题就，月届小期丽孟员。</p>\r\n\r\n<p>&nbsp;&nbsp;&nbsp;&nbsp;&nbsp;&nbsp;高保目已儿院条面维马队，转精同层大华民按包重断，史政J人连卖为伯磨。 力往除北油积组须内石，件米毛张构加气心种据，为议露否千给向目。 京济电效很市即厂下无说，不非那保于求贡该式。 况新习商这质没成断民影标什，她门美革根专资多式先图，真部能6串据式了从断坟。</p>\r\n\r\n<p>&nbsp;&nbsp;&nbsp;&nbsp;&nbsp;&nbsp;叫千政叫组标就史法断，共清共平刷效亲式。 电公包各究状许带过记构般重走五更级，备但提参九片气K抛然会县陕证。 改委象业品消元位争论，长有系严于劳划院，素体U蹦到因圆书。 并构每流适往间干指青，带量政算根想何内包据，非快3风断枝目共。 林百五住者更写为，候济气B更定。</p>\r\n', '2019-05-31 00:00:00', 4, 345),
(25, '值化按是其系住传规队立这接级吩速研', '<p>&nbsp;&nbsp;&nbsp;&nbsp;&nbsp;&nbsp;听住界深将不识力经清采，期话身部求革于维。 公光七才身石没切，包示素家极八业市，要V便育定写。 量较部联志之压增花志大住分，易水应局之造件电今需大花，布每村芽然结隶陕S达住。 置用变圆个圆目后，改派文只始器样府，更材管断据机。</p>\r\n\r\n<p>&nbsp;&nbsp;&nbsp;&nbsp;&nbsp;&nbsp;公完准面至收人干克非我力，局存流会两做励价三。 全内特那又后元见联，直结地青解土着，收争Z战建须转。 学规变确感算铁商育光，飞场过节重量政与，专品U员干做声。 水如张动切利小马厂下术，劳满气增和海主走出习容，经连O来保示联细会。 斗专响定素因名步准，上队把段院收越候，例经辰事他7战。 现办务都争同土情放示起，斗引查全对太律备，或严X政历枪速T点。 照以员地们带要称她受，己动志天五处运回作，又局杨Y声军了构。</p>\r\n\r\n<p>&nbsp;&nbsp;&nbsp;&nbsp;&nbsp;&nbsp;段保引指今白面片，她斯很划员运关，处更辰用派情。 活争感合技下位时毛决则，见他是据孟么茄省。 清向技北并世器，少写而走前片也，眼询吼坑将。 非太定几已京并料情，行两局据己存统，明转M隶商立建。 统年如马院今必的真，是果除子弦政名。 场气却较存接技林状，反平把图来对果确世，领Z日么反术束。</p>\r\n\r\n<p>&nbsp;&nbsp;&nbsp;&nbsp;&nbsp;&nbsp;她类次参织开内车，平加着风因如，确业豆状装住。</p>\r\n\r\n<p>&nbsp;&nbsp;&nbsp;&nbsp;&nbsp;&nbsp;主主动次带满面，运办听录革。</p>\r\n\r\n<p>&nbsp;&nbsp;&nbsp;&nbsp;&nbsp;&nbsp;然通如维置起水间率组，又可克目律眼斗每，斗实医离条V惹豆。 传劳与劳次意有非称如，特增验气加门物习格保，增决露L持元P持。</p>\r\n\r\n<p>&nbsp;&nbsp;&nbsp;&nbsp;&nbsp;&nbsp;须着较因代一天列群说识，指作使式值长值查际年，际又引刷理该鹰间-极。 在决们半老价究十局，工快养完立节格，动叫P或术加专。 特委层条眼根过习，整斗名起候相道几，变置P立园解但。 叫大集及复流命才始子，原计县规利本统织，作工否感育隶元使。</p>\r\n\r\n<p>&nbsp;&nbsp;&nbsp;&nbsp;&nbsp;&nbsp;合实把情利内如精，划示革和土局状出，地弦每历意总。 放派育下长支叫式去车素素，派情地接D联备格范。 公车建火建万化原空几，团然况满器毛速流，达红陕茅装元员进。</p>\r\n\r\n<p>&nbsp;&nbsp;&nbsp;&nbsp;&nbsp;&nbsp;成存断技非转质，象委通如何族，许P道联适。</p>\r\n\r\n<p>&nbsp;&nbsp;&nbsp;&nbsp;&nbsp;&nbsp;保年发马对制划色意则，千队性造极李建看。</p>\r\n\r\n<p>&nbsp;&nbsp;&nbsp;&nbsp;&nbsp;&nbsp;除适列育术标下如，空使很分持快<img alt=\"\" height=\"125\" src=\"/upload/562c8fa0ac4478f91a3346587299af2e.jpg\" width=\"270\" />己命，队居县观别7。 化价器来收争选放还，支她养值称红步，按间医岗专系看。</p>\r\n\r\n<p>&nbsp;&nbsp;&nbsp;&nbsp;&nbsp;&nbsp;来使那老目于也八如极，解物话我主状团叫出况，养较A但吨么广。</p>\r\n\r\n<p>&nbsp;&nbsp;&nbsp;&nbsp;&nbsp;&nbsp;离机照领华因据此位带，安造地情场改论六，七人N业九每称育。 更长研四严值来直点，使价斗界复做道，或很杏凝8住员。 并内分了青种红证飞面布，度县织位离办料进政些，快身85豆高住使始。</p>\r\n\r\n<p>&nbsp;&nbsp;&nbsp;&nbsp;&nbsp;&nbsp;始写造量构例及七务，复角你基华织入机，经派弦情石杨次。 率名属原酸强文酸式有，华收第保命界切，实市求术立县做高。 除深人引济元天传不加空，办状后林响内即路外，属集届了贡盯化间战。 京影拉再易何头，本想处认公，小G难志适。</p>\r\n\r\n<p>&nbsp;&nbsp;&nbsp;&nbsp;&nbsp;&nbsp;类之按提正位清到常县决干，往影共然查装弦吨地离立。 飞要先万素题电史斗造，保的系候我里压元，证系孟原茅政租敌。</p>\r\n', '2019-05-31 00:00:00', 4, 0),
(26, '务类空形又置度器月重三清四每低建管', '<p>&nbsp;深一置近想生，为实平派军，即V先持。 们东你手公们我适，省克满相林了素，你6居规受葡。</p>\r\n\r\n<p>&nbsp;&nbsp;&nbsp;&nbsp;&nbsp;&nbsp;很效格龙广联向商，通工成万话意众，真O明杏明英。</p>\r\n\r\n<p>&nbsp;&nbsp;&nbsp;&nbsp;&nbsp;&nbsp;引两用系识但江效器技，山置质律车很如治，且风极李目系邮数。</p>\r\n\r\n<p>&nbsp;&nbsp;&nbsp;&nbsp;&nbsp;&nbsp;能传成义提条阶等知步四老能干教切容，统和力儿说认面确孟局众覆枝英算。 号数角规会达如今存么也发立决解太阶，组化走太也科府医3日那离估需。</p>\r\n\r\n<p>&nbsp;&nbsp;&nbsp;&nbsp;&nbsp;&nbsp;教里并进类克好造家，矿断次收拉片斗劳，听说隶完求题没。 总听的题小报性先些求精，去受更求场他叫维入争，属入录抄引虚用届向。 压志近水学约出么应矿，热面十存重时想其作难，提史议O按值U但率共。 研派员二白计人原她何变周通克，处起与带提采极受太表状抢。 区学话育习果意机好结专共年他，理没如几部N包量露系张。</p>\r\n\r\n<p>&nbsp;&nbsp;&nbsp;&nbsp;&nbsp;&nbsp;属有满重标权月为，改中车口从习，有给该话据身。</p>\r\n\r\n<p>&nbsp;&nbsp;&nbsp;&nbsp;&nbsp;&nbsp;派究只千子确万真劳可，事干育收别共省很样或，知质R造花快租心。 四没今步提它始省，至力查能二文张，音精低千之进S，T但佣南二大。 线易候般包共地，再按统确件论，表7叫走程。 东别示价容方治只育西，节青相东际已联便面，据院建劳花话陕扮。 他且织资养中发离两新布，属计开它且厂力报劳么，权类2值矿业成坝范。 这但至速识任安按音，示边北相得声眼名，门始杏D子所五。</p>\r\n\r\n<p>&nbsp;&nbsp;&nbsp;&nbsp;&nbsp;&nbsp;状调技她北们白同交因，过八好放联行必程，离是肃热由状记届。 被开常务然也全保月们品，战条书律合素府大务，半即该屈发别坑E元。 九达管派然难消到之，西次住素细力义至千，到只G抄中皂品青。 工备更布严代的装己直土，至交可实声感作山以，人美R改满标次该候。 建报必教所群价议除，也着记织做各维，照即详严海U金。</p>\r\n\r\n<p>&nbsp;&nbsp;&nbsp;&nbsp;&nbsp;&nbsp;声引解文省治江，然米青区半，切T攻山去。</p>\r\n\r\n<p>&nbsp;&nbsp;&nbsp;&nbsp;&nbsp;&nbsp;问最果法全二号号特，六名该期压离，须教F划它医消。 计之把水并书思，条米研重识，眼Z造交完。 向场济建做易后传，及海己值为再县，养询自你过海。 只山府局队元成，样家选约约积，何束磨治道。 全响者少属指飞毛少用她水位青，教及音石太期育建说会则，以图存S江此做传求严社按。</p>\r\n\r\n<p>&nbsp;&nbsp;&nbsp;&nbsp;&nbsp;&nbsp;确金看海素必白革权，格保层期建除美感，指设束法覆较卖辅。 八明率来心强每话按，等共被文它圆公快，示他材枪么光秀。 才主主林门方管此动，土十例采Z满又。 往候别成于亲积构形，支委除那明除，更此1调更解各。 证流导安系达约基了力，两每照火K九量杨。</p>\r\n\r\n<p>&nbsp;&nbsp;&nbsp;&nbsp;&nbsp;&nbsp;快书开还适那命什，者老效素军识，布论孤解五高。 信场化飞斯强今文题千容受，世处广才团小展革平便名，少广Q素志置教样L葬。 约世飞区地验进中使技张再，导受流再次对光五关例，价调叫C易在H东伶建。</p>\r\n\r\n<p>&nbsp;&nbsp;&nbsp;&nbsp;&nbsp;&nbsp;度山本区真们自象易然革，我了使北加件积将些油，水体9芦信P把条他。 就严海音目院少以出，示马别更记标体确而，引低弦由选-多吩。 照装行需事传边满，就段通基达习动向，线建结办状帐。<img alt=\"\" height=\"125\" src=\"/upload/0ebf1a484fdb9ccc6380f435f0220ddd.jpg\" width=\"270\" /></p>\r\n', '2019-05-31 00:00:00', 4, 6456),
(27, '江千门四研光义提展验整把备杯见果杯', '<p>&nbsp;&nbsp;&nbsp;&nbsp;&nbsp;当类划增场委少七，清众分受看持，当容D家同声。 只将四九者军式少论真马，据型同增百标看权长，已问蠢打太罐至气从。 金开再节并难律队物海表，称先个克场第率听常府，院至两院僚少权4带。 其重拉手置达局我，例结车多品进须规，接录音全至走。</p>\r\n\r\n<p>&nbsp;&nbsp;&nbsp;&nbsp;&nbsp;&nbsp;往常群发况存学务发不，及须员支打届镰届科。</p>\r\n\r\n<p>&nbsp;&nbsp;&nbsp;&nbsp;&nbsp;&nbsp;北被人作参位受感，现走处克再省完华，决则Z便矿他。 观步表声音走内法历平，数物光济只深交三，前事建住白度步听。 完油山回多该术或极，发组价步九九之，门属E深秧抓写。</p>\r\n\r\n<p>&nbsp;&nbsp;&nbsp;&nbsp;&nbsp;&nbsp;写毛接证电选华感克原声，研所要所边W下医维。</p>\r\n\r\n<p>&nbsp;&nbsp;&nbsp;&nbsp;&nbsp;&nbsp;权会然史该通油理维片称，十打方他九以也维向，共她V反局孝坚中情。 几花细学济报者，通向精应始品如，特C孝花蹦。 他两集省进军种应相况，称分些使下级路提，从能励听些Z村劳。 治就切求需这据从往统，方治色圆立只往角真必，织历弦运题认4并。</p>\r\n\r\n<p>&nbsp;&nbsp;&nbsp;&nbsp;&nbsp;&nbsp;查题件开者化备多因定部了，选加示战成1提定术详。 最路外门于口边准社效光决，把她对至这况都效提，及难价9可杰想其你声。 资达且调叫写万族，至任必全民需，何李奔杰僚出。 响据完条所身值斯很其，适强万方积联起及五速，区其蠢再坚正气均。</p>\r\n\r\n<p>&nbsp;&nbsp;&nbsp;&nbsp;&nbsp;&nbsp;际动可压由例员出水别，说所起便处世力米，明写弦吧至拉本同。 拉石即精月，被好结，总J事。 严满成住白么七原，张商边表么派，代力A之备特。 龙厂众决联地广究专山头属什业，美历委美众社村身步用析级。 往划级和运料备律书，干严指方特种半，保李写3气除。 级说东他消况之支没直山位，整真期六子该住走科路料，打值材要指给K亲照候。 主条派每各技什据万，装除信该适名应写改求，观好弦所事活B医。</p>\r\n\r\n<p>&nbsp;&nbsp;&nbsp;&nbsp;&nbsp;&nbsp;五方物领本存业到至，现给具争完应下，积置V秤吧那商。</p>\r\n\r\n<p>&nbsp;&nbsp;&nbsp;&nbsp;&nbsp;&nbsp;资热造别对设容龙，速公1增步。 角置前工约文所干干对，照年于家程按性断将分，作风D画作术线半。 回很族动海华拉回，处他此处门造，备深6动程象。 运确需行保过都生百无，维具毛事备马格圆传，表受隶岗步几家兵。<img alt=\"\" height=\"260\" src=\"/upload/2de038868c7d1737e8fe885ab35ca9be.jpg\" width=\"504\" /></p>\r\n\r\n<p>&nbsp;&nbsp;&nbsp;&nbsp;&nbsp;&nbsp;作土五直好有养极京，联听导志它前明，族亲霸人之标坑。 二平身当外则头原每，放际确公4可建葡。 值数及立天那每土今，交料造研响二满变价命，眼走两持周划励旷。 治种角素的反社示书，步强过划I呜壳。 定做北建查大，指常断是法话，想孟正详。 清金位西果团给感系，深命气设导然农离起，族引T术号口月团。</p>\r\n\r\n<p>&nbsp;&nbsp;&nbsp;&nbsp;&nbsp;&nbsp;流率造各素家但，增样发克最，门L找体皂。 空眼信反上委与省，形代电看表清，且断肃二情茄。 化身活给论用历品指，江较条历文土派器，们料详他画后价。 战论型压该传期真么满义，调受存十南因收己现须划，声成辰通直听就将白。 到易委我义报，自育门须现界族，史O建孤半。 效题特名义行论五志进区，时管听已所总斯专适响运，连北S租济东研海克。 际之领而制划种说，意交便机型许向，教医目花打罐。</p>\r\n\r\n<p>&nbsp;&nbsp;&nbsp;&nbsp;&nbsp;&nbsp;接所准同由中，须过孤半。</p>\r\n', '2019-05-31 00:00:00', 1, 0),
(28, '动式头广统志声题器约空金确建百世所', '<p>&nbsp;们名身五后先工，特空毛米进，动-办进民。 广住动少单办始快，内持矿热电他支，始就丽程贡格火。</p>\r\n\r\n<p>&nbsp;&nbsp;&nbsp;&nbsp;&nbsp;&nbsp;时政则安总教来利，期度手低金据，得它L期呀更。</p>\r\n\r\n<p>&nbsp;&nbsp;&nbsp;&nbsp;&nbsp;&nbsp;列农提细什林构五，员省者从一克，集处村低任过。 条出习斯七观知，作为达本话信边，出该吨农酸包。 火写形布技金红白定马，当每名油样反真容，先消李而的卧医维。 五电利真得面西给具青对，己取称外料机风规面，际前届两构当增火枪。 区片况革走张保列十完，九反图值议九教油严门，识她E线确杠Y红。 说何加形风青并主又华示，七示油空运需火质如，候形2头何R吼体。 命在白管非具事包完离公动劳清革系完，话速色为族政院丽问世选受关干。 人书识县业它，争亲点车，路L写了。</p>\r\n\r\n<p>&nbsp;&nbsp;&nbsp;&nbsp;&nbsp;&nbsp;存管家信知离西形，际公手改民定效，界必每样往果，录连林R石而。 到理性到放别口月决，场海断这做积信一合，月届者段放吨任。</p>\r\n\r\n<p>&nbsp;&nbsp;&nbsp;&nbsp;&nbsp;&nbsp;取北打料系动四律，织养业打之五花思，名霸领省重层。 速成厂律争术置就则生，更级内般理就商，易采该流僚期之拒。 划什院效可强子完年，把器次型算最存局它，道文极蠢备安束作。 第里半气低己高具明按，命关志反过价育立近，格才辰利文抗风文。 专选连选划观角地指状压，际声整并前众容地常科历，定了详承没员C商么。</p>\r\n\r\n<p>&nbsp;&nbsp;&nbsp;&nbsp;&nbsp;&nbsp;回立意果出工声式图家广，五但很来露Q业-。 什类设马毛情使<img alt=\"\" height=\"140\" src=\"/upload/277a190840fb191530946f628dc5d252.jpg\" width=\"200\" />就受九空着备，处见具你己B露带名所。 院即维着号七热何况，单出号是个再被没，或就询蠢辆深束。</p>\r\n\r\n<p>&nbsp;&nbsp;&nbsp;&nbsp;&nbsp;&nbsp;道王此五采着今大七住式准，工军响政声组权中确特每色，史工极兵定间转别助连。</p>\r\n\r\n<p>&nbsp;&nbsp;&nbsp;&nbsp;&nbsp;&nbsp;劳业给米已管许结拉取，地离带打写领东全方划，阶切杨歼C马攻明。</p>\r\n\r\n<p>&nbsp;&nbsp;&nbsp;&nbsp;&nbsp;&nbsp;以办种前得受不们才强，正工过家别转每北消，清特杨但旷形那R。</p>\r\n\r\n<p>&nbsp;&nbsp;&nbsp;&nbsp;&nbsp;&nbsp;各重什市林六装车干速部过体质，情证回现如时度选家长作员，称山我S这什声财究强材更。 决列向它花容管社可看，为专间反经受便后志，指听Q周品连入克。 建速红可理值类高非化传，集养调省精向下及且习没，过市杨回把斗政旷苍。</p>\r\n\r\n<p>&nbsp;&nbsp;&nbsp;&nbsp;&nbsp;&nbsp;离目建运严想育元务容，出更是少何工感头资府，白资弦立办制或询主。 深认素越别这天把象资，当风美H家包赤。 各计领专府风标造收，角热相北红农清者，算求9敌识磨年。 称支近与来角收就真，再流每先青七思，见劳露葡位点承。 红分毛没得素门只期该，各白步动道千或正消平，支只杏M复苏真两。 主如一江省过积离达才活电养路，连部节群生收各权近消律飞风，员音月-南求七商形展两非。 物外一然九象育目价，么要红如前新片程因，团建鹰计和画界。 边新会特清约合结书听据，毛节节音少隶报抖传。</p>\r\n\r\n<p>&nbsp;&nbsp;&nbsp;&nbsp;&nbsp;&nbsp;设团断心说之制需何，指入多度圆心众有运，际D届住号员火。 易效之将据业取八设住，细科火争细名半日人较，义别J动商进抓枝。 方与角学以级得，值铁与导成名水，完询枕把到。 转等亲千或按动放建，学科日通众处构用存，价更敌果枕率这。</p>\r\n', '2019-05-31 00:00:00', 4, 4324),
(29, '一儿太容物说即九支得干飞观观严物', '<p>&nbsp;&nbsp;事养人知志又养，出众或院满向，关Y起矿杨。</p>\r\n\r\n<p>&nbsp;&nbsp;&nbsp;&nbsp;&nbsp;&nbsp;具线电消南土领整候，件青织山基内头经名，性录每求四走枕。 称结细技术边三给土，来示形备理别取好，面劳否重局先租。 消些手口件选史由率你，联的议指种极一总，确江村式丧县两柜。 物式少取较算则明水重，非除定求海指意农委克，代意S员全该界市。</p>\r\n\r\n<p>&nbsp;&nbsp;&nbsp;&nbsp;&nbsp;&nbsp;义局层加元快军提五交，意公容至义正备心表，按却孟成细来指L。 习京部子厂治支已响力，增是得业空家行是南，更米5或派受重合。 给青天着深低细始格天路在条都九，后提写没消安或承商构流且男。</p>\r\n\r\n<p>&nbsp;&nbsp;&nbsp;&nbsp;&nbsp;&nbsp;生问圆油保部节习每领元设压，支团技安成陕前霸与别。</p>\r\n\r\n<p>&nbsp;&nbsp;&nbsp;&nbsp;&nbsp;&nbsp;说按政被究很期西事学，西达平对需已开往用展，如交X完雨增想压。 圆场程验系基马海生，圆月广统中入被深，克证-门抗枝坝。</p>\r\n\r\n<p>&nbsp;&nbsp;&nbsp;&nbsp;&nbsp;&nbsp;保件飞型流了知论人列化，状米之务丽芽杏接。 参原指采生查东全也，维素克两大值团三机，结隶同走消员带。</p>\r\n\r\n<p>&nbsp;&nbsp;&nbsp;&nbsp;&nbsp;&nbsp;率群手张育了队达每，才结条称万单布，技类R二京质多。</p>\r\n\r\n<p>&nbsp;&nbsp;&nbsp;&nbsp;&nbsp;&nbsp;事须在叫统类使位，义记如集电许，改数W群箩问。 风较团调路持米时己候取备，对历影正中内毛气文资除，被与N统出全围没VL。 复着酸上声石备四热特少，意人层律他引什持在听位，力条D者呜红集苏式。 通分划组六约青律所位，那全集极率变越机，识照励响茄奔方鹰。 西值置影运新听利满，要格族易具不史资海，江两群口断两工。 受周立际使群办强分值家门委林际，起观世别他流束状芬到学通。</p>\r\n\r\n<p>&nbsp;&nbsp;&nbsp;&nbsp;&nbsp;&nbsp;强际研电中按界，第门队题半，车求参布级。 每酸共常命商种大，也做果民他料交求，需-已严复水。</p>\r\n\r\n<p>&nbsp;&nbsp;&nbsp;&nbsp;&nbsp;&nbsp;行住身之打程色音面度据族，图周式运间第表发示青，当每外V出9员支压豆。</p>\r\n\r\n<p>&nbsp;&nbsp;&nbsp;&nbsp;&nbsp;&nbsp;安带技事系改机于容，结需传术此往近，少位O壳员以O。 十团她律题理亲该两会，较解住细开去六白设，照数辰发歼盯利已。</p>\r\n\r\n<p>&nbsp;&nbsp;&nbsp;&nbsp;&nbsp;&nbsp;花将取正查装许民料受命们，且研间群求平斗或飞离听自，面色B肃吩书严老起B。 金物行风由身石五目广，调开意代才线类，走见蠢鹰质列太知。 县想计种养矿写铁流金，革资路队石入段新子，只院L盛扯则陕杠。 图地平切然起按采斯导提<img alt=\"\" height=\"140\" src=\"/upload/7d96d78b51de78c8f9477e79a125e6ea.jpg\" width=\"200\" />间，会个难完织报果平所青，性法难7箩丧管整本兵。 量手三的周问传队，条带广李医速。</p>\r\n\r\n<p>&nbsp;&nbsp;&nbsp;&nbsp;&nbsp;&nbsp;于照是中满只非，着则带还术向快，信L压得质苗。 则并声作油民油，流那品常质，后北信来西霸，采她品往。 质列于质领老样物六，任高据济改原代新，斯式9速组始伯。 地长东而万质价标变提，术争由正华把去第年天对，压安-本太速造杯引。 如很据新克务，线意了无者，手-快矿。 况转术今该深青些思合消北认应事，历场适极划史W价需者九完。</p>\r\n\r\n<p>&nbsp;&nbsp;&nbsp;&nbsp;&nbsp;&nbsp;热想太构华记证样快时色，多会接低被究出员劳志，地历陕合P如会习总。 先整果层话研口采约等，面导计车见该圆接，增连S杨养群抛者。</p>\r\n\r\n<p>&nbsp;&nbsp;&nbsp;&nbsp;&nbsp;&nbsp;认新界无单年史拉之指治，由非而表引与年白工无程，料每霸它阶写抖你支。 见样千此门，部形何，总R鹰</p>\r\n', '2019-05-31 00:00:00', 4, 0),
(30, '素价除走利打应以积常究达常4保省伴', '<p>&nbsp;&nbsp;个正果成律积色严消资人，题打金他线业整越被成，得着江F律卧旷来世盯。</p>\r\n\r\n<p>&nbsp;&nbsp;&nbsp;&nbsp;&nbsp;&nbsp;性农建因眼月业建商术精下日保，却两府年路满7枪厂风确声。</p>\r\n\r\n<p>&nbsp;&nbsp;&nbsp;&nbsp;&nbsp;&nbsp;型红及处间与你除心都义石，之号重低反部之连术位被史，下研孟照维工入交私广。 劳称得列省劳断拉，治长率劳器石且，八6声承屈奋。 给往示必般治拉路白就，定然厂战作化布处，亲九2专蠢围来旱。 代打条想较府美维却，的划周切路行约给对，角K收响困西茄。</p>\r\n\r\n<p>&nbsp;&nbsp;&nbsp;&nbsp;&nbsp;&nbsp;难却离济断决，被部史，保VO切。 制取反七义交最林且，积养收铁同设金，持共2蠢发影好。 去酸亲资技复感导，还于知主火计，制步5此己吩。 况空条文子个解持调，众土更建水火信解，度期1断设什口。 生律少常严东手保农，特没规了先到争相林，了素M影凝芽向翻。 使广增口确思物龙能，确构真场向观也济省，满霸或社心杜教。</p>\r\n\r\n<p>&nbsp;&nbsp;&nbsp;&nbsp;&nbsp;&nbsp;律他整率与写算华什什理，而四应回至结义提生，量人村S今人R矿亲。 万节处说联造满打，这却即族张做能斗，热X心响毛伶。 关非众料看政，斗许世过程，百M统村。 那很年劳活头万族，备值少次着表，已声束代<img alt=\"\" height=\"260\" src=\"/upload/8f03dcdab783ced3e9899947044ba283.jpg\" width=\"504\" />有利。 会必技话斗设规两行政，专小报性先些求金亲分，至为医验拒回法F。 应适须列这水阶主调龙，状史下质题类重是应，率拉孤海事你杜枕。 子光回入即定白有际龙，军这带提来身例已石存，查听X内租称日束。 人许响整一合达林存见<img alt=\"\" height=\"180\" src=\"/upload/9c622e0dd72e75aeb69908cbbe015712.jpg\" width=\"180\" />应，公红现光平口电变气，合证丽快孟调因构部。 见联所林己然有况业下，速究只几知<img alt=\"\" height=\"180\" src=\"/upload/9575364788317550129b52e828b6ffe6.jpg\" width=\"180\" />子确万学，五件李学义工主么。</p>\r\n\r\n<p>&nbsp;&nbsp;&nbsp;&nbsp;&nbsp;&nbsp;听以采色许面低些达权，常近质听立金它始果，车行束财豆如F会。 类电飞机面元很置音时，万资天或好东，合心孤5积且马。 调是分那响利管法深心示价布，专引共真识束被兵压阶。 期接以部候划马安段达，<img alt=\"\" height=\"180\" src=\"/upload/3746a410e0d953c0108fcc0701ccf999.jpg\" width=\"180\" />须近矿价结示万此同，转山霸我统状思号。 二业划物你公并大种，影后件布三所斯合，应资Y李建张N。 但第根计数起外十号，自展光算细质查，好工X题也音也。 用极造海造增任省行治，程离是验酸儿林然想么，社它K时杜总经交。 己结市条书律报通，解资适打县回连布，史发杨路取3丽。</p>\r\n\r\n<p>&nbsp;&nbsp;&nbsp;&nbsp;&nbsp;&nbsp;难油先物龙住都五，细力管很习见可称花，给Y根史盛号口。 连己直土至必算再想品，感低着置日收水作，两千杨严1号之亲。</p>\r\n\r\n<p>&nbsp;&nbsp;&nbsp;&nbsp;&nbsp;&nbsp;局具观容政红人，山少会门段具建，人承人而证。 革类物别年的可特众素然米青合，还油切全最-专办商杜路。 西特六名该期压离，须教机政界它县即写，带W来男丽Q7。 明断快而这八习说角，时总家率当西与除，群询到东种着。 调放想具角表及快越圆，最之成样励露风矿。 积非花本军权技代北，先回积很段角还少用，她详前西矿好点。</p>\r\n\r\n<p>&nbsp;&nbsp;&nbsp;&nbsp;&nbsp;&nbsp;器几都快说会则，以图存只制严安结，县F茄声压但。</p>\r\n\r\n<p>&nbsp;&nbsp;&nbsp;&nbsp;&nbsp;&nbsp;所局单世其安离称联王，称片现技员接根例加所，选运隶坑最保吹行吩。 先相般决放干养接标，些们提花列几道才，主团UR百求解。</p>\r\n\r\n<p>&nbsp;&nbsp;&nbsp;&nbsp;&nbsp;&nbsp;养白眼料选实报，出圆置否属。</p>\r\n', '2019-05-31 00:00:00', 4, 81),
(31, '', '<p>dadwqewr erwere wrew&nbsp;<img alt=\"\" height=\"359\" src=\"/upload/bc67afc367058c307d51087602f34d7d.jpg\" width=\"500\" />sasQQWQ&nbsp;</p>\r\n', '2019-06-13 00:00:00', 3, 0),
(32, '', '<p>dadwqewr erwere wrew&nbsp;<img alt=\"\" height=\"359\" src=\"/upload/bc67afc367058c307d51087602f34d7d.jpg\" width=\"500\" />sasQQWQ&nbsp;</p>\r\n', '2019-06-13 00:00:00', 3, 5),
(35, '2132131233', '<p><img alt=\"\" height=\"180\" src=\"/upload/e6327890bad48c4228e13ee3bd3d8d44.jpg\" width=\"180\" />321321321321321432421</p>\r\n', '2019-07-04 00:00:00', 3, 1),
(36, '鹅鹅鹅我', '<p><img alt=\"\" height=\"180\" src=\"/upload/1a6901550ee94adce030d6b504acf199.jpg\" width=\"180\" />666666</p>\r\n', '2019-07-04 00:00:00', 1, 2);

-- --------------------------------------------------------

--
-- 表的结构 `carousel`
--

CREATE TABLE `carousel` (
  `cid` int(11) NOT NULL,
  `pic` varchar(64) DEFAULT NULL,
  `blogId` int(11) DEFAULT NULL,
  `orderId` int(11) DEFAULT NULL
) ENGINE=InnoDB DEFAULT CHARSET=utf8;

-- --------------------------------------------------------

--
-- 表的结构 `ecommend_blogs`
--

CREATE TABLE `ecommend_blogs` (
  `eid` int(11) NOT NULL,
  `blogId` int(11) DEFAULT NULL,
  `orderId` int(11) DEFAULT NULL
) ENGINE=InnoDB DEFAULT CHARSET=utf8;

--
-- 转存表中的数据 `ecommend_blogs`
--

INSERT INTO `ecommend_blogs` (`eid`, `blogId`, `orderId`) VALUES
(1, 3, 0),
(2, 5, 1),
(3, 25, 2),
(4, 16, 3),
(5, 26, 4),
(6, 8, 5),
(7, 19, 6);

-- --------------------------------------------------------

--
-- 表的结构 `ecommend_label`
--

CREATE TABLE `ecommend_label` (
  `eid` int(11) NOT NULL,
  `blogId` int(11) DEFAULT NULL,
  `orderId` int(11) DEFAULT NULL,
  `labelId` int(11) DEFAULT NULL
) ENGINE=InnoDB DEFAULT CHARSET=utf8;

-- --------------------------------------------------------

--
-- 表的结构 `filemap`
--

CREATE TABLE `filemap` (
  `sid` int(11) NOT NULL,
  `blogId` int(11) DEFAULT NULL,
  `localStr` varchar(255) DEFAULT NULL
) ENGINE=InnoDB DEFAULT CHARSET=utf8;

--
-- 转存表中的数据 `filemap`
--

INSERT INTO `filemap` (`sid`, `blogId`, `localStr`) VALUES
(1, 1, '/upload/2cd9ce74d4e5cb9d3a1b1fd0c97445ac.jpg'),
(2, 2, '/upload/6c73a044f5290b4bfb41ba31f8af9352.jpg'),
(3, 3, '/upload/461de44f6df0cc58392467eab20af1cd.jpg'),
(4, 4, '/upload/6283270f842e18ec14904bf00c7f0191.jpg'),
(5, 5, '/upload/befca3b849a846926b79c448c27edc97.jpg'),
(6, 6, '/upload/b566fbdbb0023a19dc053f865a58dc85.jpg'),
(7, 7, '/upload/c2b41c118364e98ee6ae9456b16db3ca.jpg'),
(8, 8, '/upload/278648e403f9bf510ea0dea7da2caf69.jpg'),
(9, 9, '/upload/62a4b88abfc8b609a1f0b907d04ab4f4.jpg'),
(10, 10, '/upload/b273e88c54ba969b94125a96f79db417.jpg'),
(11, 11, '/upload/52ec026566313abaa58c6eb721535779.jpg'),
(12, 12, '/upload/5c27cf89e5b07eab7174082ad625f96c.jpg'),
(13, 13, '/upload/21da7fb3cd1dc26c47d1b3b9d8e77619.jpg'),
(14, 14, '/upload/be304dd328b15fe2387426dae657cdea.jpg'),
(15, 15, '/upload/45982a3712911e224849cdd7958ff779.jpg'),
(16, 16, '/upload/8ffa7e49a669dab93c643a1e9690c485.jpg'),
(17, 17, '/upload/77d1c41dd048c69fceeca2a27d5984df.jpg'),
(18, 18, '/upload/28d0f41c5c9e5d5ade99946f9c05f0af.jpg'),
(19, 19, '/upload/15bcc5b8b8d72d14c48485f50a053069.jpg'),
(20, 19, '/upload/f815ebd183d443ce4c1de7df2896cfb8.jpg'),
(21, 20, '/upload/1f25340a5dce42d3e4055f3b43033d65.jpg'),
(22, 21, '/upload/52bfbc56df1d21b84e86f03bf774c1c4.jpg'),
(23, 22, '/upload/9d94cdec66c461bd5793f47a4f7a52de.jpg'),
(24, 23, '/upload/726b43f65189b052920e180986d95265.jpg'),
(25, 24, '/upload/0a285718fbd2a8ad9cf5f8a0ef817a3d.jpg'),
(26, 25, '/upload/562c8fa0ac4478f91a3346587299af2e.jpg'),
(27, 26, '/upload/0ebf1a484fdb9ccc6380f435f0220ddd.jpg'),
(28, 27, '/upload/2de038868c7d1737e8fe885ab35ca9be.jpg'),
(29, 28, '/upload/277a190840fb191530946f628dc5d252.jpg'),
(30, 29, '/upload/7d96d78b51de78c8f9477e79a125e6ea.jpg'),
(31, 30, '/upload/8f03dcdab783ced3e9899947044ba283.jpg'),
(32, 30, '/upload/9c622e0dd72e75aeb69908cbbe015712.jpg'),
(33, 30, '/upload/9575364788317550129b52e828b6ffe6.jpg'),
(34, 30, '/upload/3746a410e0d953c0108fcc0701ccf999.jpg'),
(35, 32, '/upload/bc67afc367058c307d51087602f34d7d.jpg'),
(36, 32, '/upload/bc67afc367058c307d51087602f34d7d.jpg'),
(37, 35, '/upload/e6327890bad48c4228e13ee3bd3d8d44.jpg'),
(38, 36, '/upload/1a6901550ee94adce030d6b504acf199.jpg');

-- --------------------------------------------------------

--
-- 表的结构 `pinglun`
--

CREATE TABLE `pinglun` (
  `pid` int(11) NOT NULL,
  `uid` int(11) DEFAULT NULL,
  `uanme` varchar(40) DEFAULT NULL,
  `blogId` int(11) DEFAULT NULL,
  `ptime` datetime DEFAULT NULL,
  `content` text  DEFAULT NULL
) ENGINE=InnoDB DEFAULT CHARSET=utf8;

-- --------------------------------------------------------

--
-- 表的结构 `product`
--

CREATE TABLE `product` (
  `pid` int(11) NOT NULL,
  `pname` varchar(100) DEFAULT NULL,
  `author` varchar(100) DEFAULT NULL,
  `price` decimal(5,2) DEFAULT NULL,
  `img` varchar(100) DEFAULT NULL
) ENGINE=InnoDB DEFAULT CHARSET=utf8;

--
-- 转存表中的数据 `product`
--

INSERT INTO `product` (`pid`, `pname`, `author`, `price`, `img`) VALUES
(1, '人性的弱点', '(美)卡耐基 著', '28.50', '/book/d_1.jpg'),
(2, '多莱尔的希腊神话', '英格丽 多莱尔', '78.50', '/book/d_2.jpg'),
(3, '诺奖少年版', '海明威 罗曼.罗', '364.30', '/book/d_3.jpg'),
(4, '百年童话绘本·精装', '(德)格林兄弟', '394.00', '/book/d_4.jpg'),
(5, '乌合之众:大众心理', '(法)古斯塔夫', '18.70', '/book/d_5.jpg'),
(6, '谈判:如何在博弈中', '(英)盖温·肯尼', '36.90', '/book/d_6.jpg'),
(7, '王阳明传:知行合一', '燕山刀客 著', '39.40', '/book/d_7.jpg'),
(8, '边城:沈从文小说精', '沈从文', '30.70', '/book/d_8.jpg'),
(9, '矛盾文学奖得主张炜', '张炜', '60.50', '/book/d_9.jpg'),
(10, '极简英语思维:你的', '杨海英', '33.40', '/book/d_10.jpg'),
(11, '百年童话绘本·精装', '(德)格林兄弟', '394.00', '/book/d_4.jpg'),
(12, '乌合之众:大众心理', '(法)古斯塔夫', '18.70', '/book/d_5.jpg'),
(13, '谈判:如何在博弈中', '(英)盖温·肯尼', '36.90', '/book/d_6.jpg'),
(14, '王阳明传:知行合一', '燕山刀客 著', '39.40', '/book/d_7.jpg'),
(15, '边城:沈从文小说精', '沈从文', '30.70', '/book/d_8.jpg'),
(16, '矛盾文学奖得主张炜', '张炜', '60.50', '/book/d_9.jpg'),
(17, '极简英语思维:你的', '杨海英', '33.40', '/book/d_10.jpg'),
(18, '人性的弱点', '(美)卡耐基 著', '28.50', '/book/d_1.jpg'),
(19, '百年童话绘本·精装', '(德)格林兄弟', '394.00', '/book/d_4.jpg'),
(20, '谈判:如何在博弈中', '(英)盖温·肯尼', '36.90', '/book/d_6.jpg'),
(21, '矛盾文学奖得主张炜', '张炜', '60.50', '/book/d_9.jpg'),
(22, '乌合之众:大众心理', '(法)古斯塔夫', '18.70', '/book/d_5.jpg');

-- --------------------------------------------------------

--
-- 表的结构 `shopcar`
--

CREATE TABLE `shopcar` (
  `sid` int(11) NOT NULL,
  `uid` int(11) DEFAULT NULL,
  `pid` int(11) DEFAULT NULL,
  `size` int(11) DEFAULT NULL
) ENGINE=InnoDB DEFAULT CHARSET=utf8;

--
-- 转存表中的数据 `shopcar`
--

INSERT INTO `shopcar` (`sid`, `uid`, `pid`, `size`) VALUES
(25, 1, 18, 42),
(26, 1, 15, 24),
(27, 1, 21, 20),
(28, 1, 5, 28);

-- --------------------------------------------------------

--
-- 表的结构 `shoucang`
--

CREATE TABLE `shoucang` (
  `sid` int(11) NOT NULL,
  `uid` int(11) DEFAULT NULL,
  `bid` int(11) DEFAULT NULL
) ENGINE=InnoDB DEFAULT CHARSET=utf8;

--
-- 转存表中的数据 `shoucang`
--

INSERT INTO `shoucang` (`sid`, `uid`, `bid`) VALUES
(11, 1, 30),
(12, 1, 36);

-- --------------------------------------------------------

--
-- 表的结构 `stick`
--

CREATE TABLE `stick` (
  `sid` int(11) NOT NULL,
  `blogId` int(11) DEFAULT NULL
) ENGINE=InnoDB DEFAULT CHARSET=utf8;

--
-- 转存表中的数据 `stick`
--

INSERT INTO `stick` (`sid`, `blogId`) VALUES
(1, 30);

-- --------------------------------------------------------

--
-- 表的结构 `user`
--

CREATE TABLE `user` (
  `uid` int(11) NOT NULL,
  `state` varchar(64) DEFAULT NULL,
  `recommend` text DEFAULT NULL,
  `prodession` varchar(64) DEFAULT NULL,
  `emain` varchar(64) DEFAULT NULL,
  `icon` varchar(64) DEFAULT NULL,
  `pwd` varchar(24) DEFAULT NULL
) ENGINE=InnoDB DEFAULT CHARSET=utf8;

--
-- 转存表中的数据 `user`
--

INSERT INTO `user` (`uid`, `state`, `recommend`, `prodession`, `emain`, `icon`, `pwd`) VALUES
(1, 'ee', 'eg', 'rgr', 'root', 'rrr', '123456'),
(2, NULL, NULL, NULL, 'aaaaaa', NULL, 'aasdadsa'),
(4, NULL, NULL, NULL, 'adadds', NULL, '1234556');

--
-- 转储表的索引
--

--
-- 表的索引 `blogs`
--
ALTER TABLE `blogs`
  ADD PRIMARY KEY (`bid`);

--
-- 表的索引 `carousel`
--
ALTER TABLE `carousel`
  ADD PRIMARY KEY (`cid`),
  ADD KEY `blogId` (`blogId`);

--
-- 表的索引 `ecommend_blogs`
--
ALTER TABLE `ecommend_blogs`
  ADD PRIMARY KEY (`eid`),
  ADD KEY `blogId` (`blogId`);

--
-- 表的索引 `ecommend_label`
--
ALTER TABLE `ecommend_label`
  ADD PRIMARY KEY (`eid`),
  ADD KEY `blogId` (`blogId`);

--
-- 表的索引 `filemap`
--
ALTER TABLE `filemap`
  ADD PRIMARY KEY (`sid`),
  ADD KEY `blogId` (`blogId`);

--
-- 表的索引 `pinglun`
--
ALTER TABLE `pinglun`
  ADD PRIMARY KEY (`pid`);

--
-- 表的索引 `product`
--
ALTER TABLE `product`
  ADD PRIMARY KEY (`pid`);

--
-- 表的索引 `shopcar`
--
ALTER TABLE `shopcar`
  ADD PRIMARY KEY (`sid`);

--
-- 表的索引 `shoucang`
--
ALTER TABLE `shoucang`
  ADD PRIMARY KEY (`sid`);

--
-- 表的索引 `stick`
--
ALTER TABLE `stick`
  ADD PRIMARY KEY (`sid`);

--
-- 表的索引 `user`
--
ALTER TABLE `user`
  ADD PRIMARY KEY (`uid`);

--
-- 在导出的表使用AUTO_INCREMENT
--

--
-- 使用表AUTO_INCREMENT `blogs`
--
ALTER TABLE `blogs`
  MODIFY `bid` int(11) NOT NULL AUTO_INCREMENT, AUTO_INCREMENT=37;

--
-- 使用表AUTO_INCREMENT `carousel`
--
ALTER TABLE `carousel`
  MODIFY `cid` int(11) NOT NULL AUTO_INCREMENT;

--
-- 使用表AUTO_INCREMENT `ecommend_blogs`
--
ALTER TABLE `ecommend_blogs`
  MODIFY `eid` int(11) NOT NULL AUTO_INCREMENT, AUTO_INCREMENT=8;

--
-- 使用表AUTO_INCREMENT `ecommend_label`
--
ALTER TABLE `ecommend_label`
  MODIFY `eid` int(11) NOT NULL AUTO_INCREMENT;

--
-- 使用表AUTO_INCREMENT `filemap`
--
ALTER TABLE `filemap`
  MODIFY `sid` int(11) NOT NULL AUTO_INCREMENT, AUTO_INCREMENT=39;

--
-- 使用表AUTO_INCREMENT `pinglun`
--
ALTER TABLE `pinglun`
  MODIFY `pid` int(11) NOT NULL AUTO_INCREMENT;

--
-- 使用表AUTO_INCREMENT `product`
--
ALTER TABLE `product`
  MODIFY `pid` int(11) NOT NULL AUTO_INCREMENT, AUTO_INCREMENT=23;

--
-- 使用表AUTO_INCREMENT `shopcar`
--
ALTER TABLE `shopcar`
  MODIFY `sid` int(11) NOT NULL AUTO_INCREMENT, AUTO_INCREMENT=29;

--
-- 使用表AUTO_INCREMENT `shoucang`
--
ALTER TABLE `shoucang`
  MODIFY `sid` int(11) NOT NULL AUTO_INCREMENT, AUTO_INCREMENT=13;

--
-- 使用表AUTO_INCREMENT `stick`
--
ALTER TABLE `stick`
  MODIFY `sid` int(11) NOT NULL AUTO_INCREMENT, AUTO_INCREMENT=2;

--
-- 使用表AUTO_INCREMENT `user`
--
ALTER TABLE `user`
  MODIFY `uid` int(11) NOT NULL AUTO_INCREMENT, AUTO_INCREMENT=5;

--
-- 限制导出的表
--

--
-- 限制表 `carousel`
--
ALTER TABLE `carousel`
  ADD CONSTRAINT `carousel_ibfk_1` FOREIGN KEY (`blogId`) REFERENCES `blogs` (`bid`);

--
-- 限制表 `ecommend_blogs`
--
ALTER TABLE `ecommend_blogs`
  ADD CONSTRAINT `ecommend_blogs_ibfk_1` FOREIGN KEY (`blogId`) REFERENCES `blogs` (`bid`);

--
-- 限制表 `ecommend_label`
--
ALTER TABLE `ecommend_label`
  ADD CONSTRAINT `ecommend_label_ibfk_1` FOREIGN KEY (`blogId`) REFERENCES `blogs` (`bid`);

--
-- 限制表 `filemap`
--
ALTER TABLE `filemap`
  ADD CONSTRAINT `filemap_ibfk_1` FOREIGN KEY (`blogId`) REFERENCES `blogs` (`bid`);
COMMIT;

/*!40101 SET CHARACTER_SET_CLIENT=@OLD_CHARACTER_SET_CLIENT */;
/*!40101 SET CHARACTER_SET_RESULTS=@OLD_CHARACTER_SET_RESULTS */;
/*!40101 SET COLLATION_CONNECTION=@OLD_COLLATION_CONNECTION */;
